Index of The Spiritual Fellowship Journal articles	https://urantia-book.org/index_spiritual_fellowship_journal.html	is-title	The Spiritual Fellowship Journal
Volume 1 — 1991	---	is-volume	---
Spring 1991 — First Issue	/image/article/Spiritual_Fellowship_Journal/volume1_no1.jpg	is-issue	---
Issue Content, Spring 1991	/en/article/Spiritual_Fellowship_Journal/Issue_Content_volume1_no1	---	Spiritual Fellowship
A Faith Adventure	/en/article/Meredith_Sprunger/A_Faith_Adventure	Meredith Sprunger	Spiritual Fellowship
Latent Mainline Potential	/en/article/Meredith_Sprunger/Latent_Mainline_Potential	Meredith Sprunger	Spiritual Fellowship
The Church: A Statement of Purpose and Belief	/en/article/Everett_Sloffer/The_Church_A_Statement_of_Purpose_and_Belief	Everett Sloffer	Spiritual Fellowship
Interface: Does it Preach?	/en/article/Merlyn_Cox/Interface_Does_it_Preach	Merlyn Cox	Spiritual Fellowship
Church Members and The Urantia Book	/en/article/Isabelle_Masel/Church_Members_and_UB	Isabelle Masel	Spiritual Fellowship
The Urantia Book and Religious Studies	/en/article/Meredith_Sprunger/UB_and_Religious_Studies	Meredith Sprunger	Spiritual Fellowship
The Mathematics of Love	/en/article/Charles_E_Hansen/The_Mathematics_of_Love	Charles E. Hansen	Spiritual Fellowship
The Urantia Book and Modern Science: Harmony or Discord?	/en/article/Dick_Bain/UB_and_Modern_Science_Harmony_or_Discord	Richard I. Bain	Spiritual Fellowship
The Urantia Book and Spiritual Renewal	/en/article/Spiritual_Fellowship_Journal/UB_and_Spiritual_Renewal	---	Spiritual Fellowship
Song of The Urantia Book	/en/article/Troy_R_Bishop/Song_of_The_Urantia_Book	Troy R. Bishop	Poetry, Spiritual Fellowship
Hymns in Worship	/en/article/Jack_Rogers/Hymns_in_Worship	Jack Rogers	Spiritual Fellowship
Media and Values	/en/article/Byron_Belitsos/Media_and_Values	Byron Belitsos	Spiritual Fellowship
Significant Books: No Other Name? By Paul F. Knitter	/en/article/Meredith_Sprunger/Significant_Books_No_Other_Name_By_Paul_F_Knitter	Meredith Sprunger	Spiritual Fellowship
Inner Guidance	/en/article/Merritt_C_Horn/Inner_Guidance	Merritt C. Horn	Poetry, Spiritual Fellowship
“Arise, Take Up Your Life and Walk”	/en/article/Rev_Craig_T_McClellan/Arise_Take_Up_Your_Life_and_Walk	Rev. Craig T. McClellan	Spiritual Fellowship
Fall 1991	/image/article/Spiritual_Fellowship_Journal/volume1_no2.jpg	is-issue	---
Issue Content, Fall 1991	/en/article/Spiritual_Fellowship_Journal/Issue_Content_volume1_no2	---	Spiritual Fellowship
The Unique Function of Religion	/en/article/Meredith_Sprunger/The_Unique_Function_of_Religion	Meredith Sprunger	Spiritual Fellowship
Bible Appreciation Enhanced	/en/article/Meredith_Sprunger/Bible_Appreciation_Enhanced	Meredith Sprunger	Spiritual Fellowship
Mainline Destiny	/en/article/Meredith_Sprunger/Mainline_Destiny	Meredith Sprunger	Spiritual Fellowship
Interface: A New Revelation? Who needs it?	/en/article/Merlyn_Cox/Interface_A_New_Revelation_Who_needs_it	Merlyn Cox	Spiritual Fellowship
How The Urantia Book Can Contribute to the Church	/en/article/Helena_E_Sprague/How_UB_Can_Contribute_to_the_Church	Helena E. Sprague	Spiritual Fellowship
Clergy Evaluate the Urantia Book	/en/article/Meredith_Sprunger/Clergy_Evaluate_the_Urantia_Book	Meredith Sprunger	Spiritual Fellowship
Science, Religion, and The Urantia Book	/en/article/Ken_Glasziou/Science_Religion_and_UB	Ken Glasziou	Spiritual Fellowship
The Urantia Book as a Sermon Resource	/en/article/Duane_L_Faw/UB_as_a_Sermon_Resource	Duane L. Faw	Spiritual Fellowship
Confirming a Spiritual Pilgrimage 	/en/article/Spiritual_Fellowship_Journal/Confirming_a_Spiritual_Pilgrimage	---	Spiritual Fellowship
Significant Books: Global Responsibility: In Search of a New Ethic By Hans Kung	/en/article/Peter_Laurence/Significant_Books_Global_Responsibility_By_Hans_Kung	Peter Laurence	Spiritual Fellowship
Tuning the Inner and Outer Life	/en/article/Byron_Belitsos/Tuning_the_Inner_and_Outer_Life	Byron Belitsos	Spiritual Fellowship
Throwing the Spiritual Baby Out With the Sexist Bathwater	/en/article/Jack_Rogers/Throwing_the_Spiritual_Baby_Out_With_the_Sexist_Bathwater	Jack Rogers	Spiritual Fellowship
“A Teacher Sent From God”	/en/article/Merlyn_Cox/A_Teacher_Sent_From_God	Merlyn Cox	Spiritual Fellowship
Volume 2 — 1992	---	is-volume	---
Spring 1992	/image/article/Spiritual_Fellowship_Journal/volume2_no1.jpg	is-issue	---
Issue Content, Spring 1992	/en/article/Spiritual_Fellowship_Journal/Issue_Content_volume2_no1	---	Spiritual Fellowship
Resistance to Spiritual Truth	/en/article/Meredith_Sprunger/Resistance_to_Spiritual_Truth	Meredith Sprunger	Spiritual Fellowship
Urantia Book Fundamentalism	/en/article/Meredith_Sprunger/Urantia_Book_Fundamentalism	Meredith Sprunger	Spiritual Fellowship
The Future of Religion	/en/article/Meredith_Sprunger/The_Future_of_Religion	Meredith Sprunger	Spiritual Fellowship
Interface: How Good is the Good News?	/en/article/Merlyn_Cox/How_Good_is_the_Good_News	Merlyn Cox	Spiritual Fellowship
My Life's Most Significant Spiritual Event 	/en/article/Spiritual_Fellowship_Journal/My_Lifes_Most_Significant_Spiritual_Event	---	Spiritual Fellowship
The Cultural Impact of The Urantia Book in the Next Fifty Years	/en/article/Meredith_Sprunger/The_Cultural_Impact_of_UB_in_the_Next_Fifty_Years	Meredith Sprunger	Spiritual Fellowship
The Geography of Faith	/en/article/Merlyn_Cox/The_Geography_of_Faith	Merlyn Cox	Spiritual Fellowship
Some Quotations from The Urantia Book	/en/article/Spiritual_Fellowship_Journal/Some_Quotations_of_UB	---	Spiritual Fellowship
Significant Books: “Truth in Religion” By Mortimer Adler	/en/article/Merlyn_Cox/Significant_Books_Truth_in_Religion_By_Mortimer_Adler	Merlyn Cox	Spiritual Fellowship
Significant Books: “God and Religion in the Postmodern World” By David Ray Gritlin	/en/article/Meredith_Sprunger/Significant_Books_God_and_Religion_By_David_Ray_Gritlin	Meredith Sprunger	Spiritual Fellowship
A Mainline Reaction to Apocalypticism	/en/article/Jack_Rogers/A_Mainline_Reaction_to_Apocalypticism	Jack Rogers	Spiritual Fellowship
The Dawn of a New Age	/en/article/Spiritual_Fellowship_Journal/The_Dawn_of_a_New_Age	---	Spiritual Fellowship
The Emergent CyberChrist	/en/article/Byron_Belitsos/The_Emergent_CyberChrist	Byron Belitsos	Spiritual Fellowship
The Pageantry of Christmas	/en/article/Jack_Rogers/The_Pageantry_of_Christmas	Jack Rogers	Spiritual Fellowship
Psalms Today 	/en/article/Spiritual_Fellowship_Journal/Psalms_Today	---	Spiritual Fellowship
Fall 1992	/image/article/Spiritual_Fellowship_Journal/volume2_no2.jpg	is-issue	---
Issue Content, Fall 1992	/en/article/Spiritual_Fellowship_Journal/Issue_Content_volume2_no2	---	Spiritual Fellowship
The Fullness of Time	/en/article/Meredith_Sprunger/The_Fullness_of_Time	Meredith Sprunger	Spiritual Fellowship
The Dynamics of Empowerment	/en/article/Meredith_Sprunger/The_dynamics_of_Empowerment	Meredith Sprunger	Spiritual Fellowship
Spiritual Courage	/en/article/Meredith_Sprunger/Spiritual_Courage	Meredith Sprunger	Spiritual Fellowship
The Church and the Kingdom	/en/article/Merlyn_Cox/The_Church_and_the_Kingdom	Merlyn Cox	Spiritual Fellowship
Sharing a Gift Beyond Words	/en/article/Merlyn_Cox/Sharing_a_Gift_Beyond_Words	Merlyn Cox	Spiritual Fellowship
The Second Enlightenment: Liberalism and Religion	/en/article/Bill_Grandstaff/The_Second_Enlightenment_Liberalism_and_Religion	Bill Grandstaff	Spiritual Fellowship
The Larger View	/en/article/Spiritual_Fellowship_Journal/The_Larger_View	---	Spiritual Fellowship
Concepts of Salvation: The Bible and The Urantia Book Compared	/en/article/Ken_Glasziou/Concepts_of_Salvation_The_Bible_and_UB_Compared	Ken Glasziou	Spiritual Fellowship
Will The Urantia Book Inspire a New Religious Institution?	/en/article/Byron_Belitsos/Will_UB_Inspire_a_New_Religious_Institution	Byron Belitsos	Spiritual Fellowship
Music, Missions, and Culture	/en/article/Jack_Rogers/Music_Missions_and_Culture	Jack Rogers	Spiritual Fellowship
The Power of New Spiritual Insight	/en/article/Everett_Sloffer/The_Power_of_New_Spiritual_Insight	Everett Sloffer	Spiritual Fellowship
Volume 3 — 1993	---	is-volume	---
Spring 1993	/image/article/Spiritual_Fellowship_Journal/volume3_no1.jpg	is-issue	---
Issue Content, Spring 1993	/en/article/Spiritual_Fellowship_Journal/Issue_Content_volume3_no1	---	Spiritual Fellowship
Signs of a Spiritual Renaissance	/en/article/Meredith_Sprunger/Signs_of_a_Spiritual_Renaissance	Meredith Sprunger	Spiritual Fellowship
More About Jesus	/en/article/Meredith_Sprunger/More_About_Jesus	Meredith Sprunger	Spiritual Fellowship
Interface: On Possible and impossible Thoughts	/en/article/Merlyn_Cox/On_Possible_and_impossible_Thoughts	Merlyn Cox	Spiritual Fellowship
My Mind Expanding Experience with The Urantia Book	/en/article/Sue_Tennant/My_Mind_Expanding_Experience_with_UB	Sue Tennant	Spiritual Fellowship
In Time to Eter	/en/article/Byrdestin/In_Time_to_Eter	Byrdestin	Spiritual Fellowship
Some Human Sources of The Urantia Book	/en/article/Matthew_Block/Some_Human_Sources_of_UB	Matthew Block	Spiritual Fellowship
The Service Motive Emerging	/en/article/Larry_Mullins/The_Service_Motive_Emerging	Larry Mullins	Spiritual Fellowship
Significant Books: The Mind of God by Paul Davies	/en/article/Meredith_Sprunger/Significant_Books_The_Mind_of_God_by_Paul_Davies	Meredith Sprunger	Spiritual Fellowship
Reflections on the Soul	/en/article/Byron_Belitsos/Reflections_on_the_Soul	Byron Belitsos	Spiritual Fellowship
The Quest for Indigeneity: The Missionary Challenge	/en/article/Jack_Rogers/The_Quest_for_Indigeneity_The_Missionary_Challenge	Jack Rogers	Spiritual Fellowship
Fall 1993	/image/article/Spiritual_Fellowship_Journal/volume3_no2.jpg	is-issue	---
Issue Content, Fall 1993	/en/article/Spiritual_Fellowship_Journal/Issue_Content_volume3_no2	---	Spiritual Fellowship
On Accepting Evolutionary Reality	/en/article/Meredith_Sprunger/On_Accepting_Evolutionary_Reality	Meredith Sprunger	Spiritual Fellowship
Gender Problems	/en/article/Meredith_Sprunger/Gender_Problems	Meredith Sprunger	Spiritual Fellowship
Defining the Terms of Equality	/en/article/Merlyn_Cox/Defining_the_Terms_of_Equality	Merlyn Cox	Spiritual Fellowship
The Urantia Book and Sexist Language	/en/article/Judith_L_Mace/UB_and_Sexist_Language	Judith L. Mace	Spiritual Fellowship
God Language	/en/article/Meredith_Sprunger/God_Language	Meredith Sprunger	Spiritual Fellowship
The Goddess	/en/article/Gard_Jameson/The_Goddess	Gard Jameson	Spiritual Fellowship
Interfaith Could Brighten Future For Our World	/en/article/Sue_Tennant/Interfaith_Could_Brighten_Future_For_Our_World	Sue Tennant	Spiritual Fellowship
Why Some Ministers Don't Read The Urantia Book	/en/article/Larry_Austin/Why_Some_Ministers_Dont_Read_UB	Larry Austin	Spiritual Fellowship
Writing Styles of Papers in The Urantia Book	/en/article/Ken_Glaziou/Writing_Styles_of_Papers_in_UB	Ken Glaziou	Spiritual Fellowship
Psalms Today	/en/article/Spiritual_Fellowship_Journal/Psalms_Today_2	---	Spiritual Fellowship
Gender Differentiation in The Urantia Book	/en/article/Byron_Belitsos/Gender_Differentiation_in_UB	Byron Belitsos	Spiritual Fellowship
On Elbows and Equality	/en/article/Merlyn_Cox/On_Elbows_and_Equality	Merlyn Cox	Spiritual Fellowship
Volume 4 — 1994	---	is-volume	---
Spring 1994	/image/article/Spiritual_Fellowship_Journal/volume4_no1.jpg	is-issue	---
Issue Content, Spring 1994	/en/article/Spiritual_Fellowship_Journal/Issue_Content_volume4_no1	---	Spiritual Fellowship
The Great Theological Challenge of our Day	/en/article/Meredith_Sprunger/The_Great_Theological_Challenge_of_our_Day	Meredith Sprunger	Spiritual Fellowship
The Search for Truth	/en/article/Meredith_Sprunger/The_Search_for_Truth	Meredith Sprunger	Spiritual Fellowship
The Metamorphosis of the Church	/en/article/Meredith_Sprunger/The_Metamorphosis_of_Church	Meredith Sprunger	Spiritual Fellowship
The Church in the Next Century	/en/article/Merlyn_Cox/The_Church_in_the_Next_Century	Merlyn Cox	Spiritual Fellowship
The Urantia Book: Toward a Context for Theological Evaluation	/en/article/David_Kantor/UB_Toward_a_Context_for_Theological_Evaluation	David Kantor	Spiritual Fellowship
Jesus, Man and Myth	/en/article/Dick_Bain/Jesus_Man_and_Myth	Dick Bain	Spiritual Fellowship
Days and Dates in the Urantia Book	/en/article/Matt_Neibaur/Days_and_Dates_in_the_Urantia_Book	Matt Neibaur	Spiritual Fellowship
Meeting The Urantia Book	/en/article/Ben_LeMay/Meeting_UB	Ben LeMay	Spiritual Fellowship
The Vengeance of God	/en/article/C_Bud_Bromley/The_Vengeance_of_God	C. Bud Bromley	Spiritual Fellowship
Significant Books: The Five Gospels by Robert W. Funk et al	/en/article/Meredith_Sprunger/Significant_Books_The_Five_Gospels_by_Robert_W_Funk_et_al	Meredith Sprunger	Spiritual Fellowship
Significant Books: Jesus–A New Vision by Marcus J. Borg	/en/article/Ken_Glasziou/Significant_Books_Jesus_A_New_Vision_by_Marcus_J_Borg	Ken Glasziou	Spiritual Fellowship
A New Beginning for World Unity ( Part I )	/en/article/Byron_Belitsos/A_New_Beginning_for_World_Unity_Part_I	Byron Belitsos	Spiritual Fellowship
The Obsolescence of Religious Imperialism	/en/article/Jack_Rogers/The_Obsolescence_of_Religious_Imperialism	Jack Rogers	Spiritual Fellowship
Fall 1994	/image/article/Spiritual_Fellowship_Journal/volume4_no2.jpg	is-issue	---
Issue Content, Fall 1994	/en/article/Spiritual_Fellowship_Journal/Issue_Content_volume4_no2	---	Spiritual Fellowship
The Renewal of Theology	/en/article/Meredith_Sprunger/The_Renewal_of_Theology	Meredith Sprunger	Spiritual Fellowship
Whatever Happened to the Soul?	/en/article/Meredith_Sprunger/Whatever_Happened_to_the_Soul	Meredith Sprunger	Spiritual Fellowship
A New Approach to Revelation	/en/article/Ken_Glasziou/A_New_Approach_to_Revelation	Ken Glasziou	Spiritual Fellowship
The Non-Historical Jesus	/en/article/Merlyn_Cox/The_Non_Historical_Jesus	Merlyn Cox	Spiritual Fellowship
The Father Idea	/en/article/Daniel_Love_Glazer/The_Father_Idea	Daniel Love Glazer	Spiritual Fellowship
The Historicity of The Urantia Book	/en/article/Meredith_Sprunger/The_Historicity_of_UB	Meredith Sprunger	Spiritual Fellowship
The Mystery of the Trinity: Unity in Plurality	/en/article/Stuart_R_Kerr_III/The_Mystery_of_Trinity_Unity_in_Plurality	Stuart R. Kerr III	Spiritual Fellowship
Significant Books: Meeting Jesus Again for the First Time by Marcus J. Borg	/en/article/Meredith_Sprunger/Significant_Books_Meeting_Jesus_by_Marcus_J_Borg	Meredith Sprunger	Spiritual Fellowship
The Transforming Encounter	/en/article/Carol_Hay/The_Transforming_Encounter	Carol Hay	Spiritual Fellowship
Psalms Today	/en/article/Spiritual_Fellowship_Journal/Psalms_Today_3	---	Spiritual Fellowship
The Supreme Potential of the Family	/en/article/Janet_Farrington/The_Supreme_Potential_of_Family	Janet Farrington	Spiritual Fellowship
A New Beginning for World Unity ( Part II )	/en/article/Byron_Belitsos/A_New_Beginning_for_World_Unity_Part_II	Byron Belitsos	Spiritual Fellowship
My God is a Sweet Juicy Apple — Without the Waxy Cover	/en/article/Matt_Neibaur/My_God_is_a_Sweet_Juicy_Apple_Without_the_Waxy_Cover	Matt Neibaur	Spiritual Fellowship
Volume 5 — 1995	---	is-volume	---
Spring 1995	/image/article/Spiritual_Fellowship_Journal/volume5_no1.jpg	is-issue	---
Issue Content, Spring 1995	/en/article/Spiritual_Fellowship_Journal/Issue_Content_volume5_no1	---	Spiritual Fellowship
The Question of Angels	/en/article/Meredith_Sprunger/The_Question_of_Angels	Meredith Sprunger	Spiritual Fellowship
Science and Religion	/en/article/Meredith_Sprunger/Science_and_Religion	Meredith Sprunger	Spiritual Fellowship
The Lessons of History	/en/article/Meredith_Sprunger/The_Lessons_of_History	Meredith Sprunger	Spiritual Fellowship
Just Another Source?	/en/article/Merlyn_Cox/Just_Another_Source	Merlyn Cox	Spiritual Fellowship
The Adventure Has Begun	/en/article/Paul_Herrick/The_Adventure_Has_Begun	Paul Herrick	Spiritual Fellowship
Eastern Orthodoxy and The Urantia Book	/en/article/Byron_Belitsos/Eastern_Orthodoxy_and_UB	Byron Belitsos	Spiritual Fellowship
A Urantia Church?	/en/article/Dick_Bain/A_Urantia_Church	Dick Bain	Spiritual Fellowship
The Science of Serendipity	/en/article/Carol_Hay/The_Science_of_Serendipity	Carol Hay	Spiritual Fellowship
Aphorism on Prayer and Worship	/en/article/Byron_Belitsos/Aphorism_on_Prayer_and_Worship	Byron Belitsos	Spiritual Fellowship
Psalms Today: Planetary Progress	/en/article/Spiritual_Fellowship_Journal/Psalms_Today_Planetary_Progress	---	Spiritual Fellowship
Fall 1995	/image/article/Spiritual_Fellowship_Journal/volume5_no2.jpg	is-issue	---
Issue Content, Fall 1995	/en/article/Spiritual_Fellowship_Journal/Issue_Content_volume5_no2	---	Spiritual Fellowship
The Challenge of the Twenty-First Century	/en/article/Meredith_Sprunger/The_Challenge_of_Twenty_First_Century	Meredith Sprunger	Spiritual Fellowship
The Scandal of Current Spiritual Cosmology	/en/article/Meredith_Sprunger/The_Scandal_of_Current_Spiritual_Cosmology_2	Meredith Sprunger	Spiritual Fellowship
The Hidden God	/en/article/Merlyn_Cox/The_Hidden_God	Merlyn Cox	Spiritual Fellowship
The Miracle of Recovery	/en/article/Jay_Newbern/The_Miracle_of_Recovery	Jay Newbern	Spiritual Fellowship
Significant Books: Leadership and the New Science by Margaret J. Wheatley	/en/article/Meredith_Sprunger/Significant_Books_Leadership_by_Margaret_J_Wheatley	Meredith Sprunger	Spiritual Fellowship
The Purpose of Revelation	/en/article/Meredith_Sprunger/The_Purpose_of_Revelation_2	Meredith Sprunger	Spiritual Fellowship
Is the Science of The Urantia Book Revelatory?	/en/article/Ken_Glasziou/Is_the_Science_of_UB_Revelatory	Ken Glasziou	Spiritual Fellowship
Ministry and Service: Our Call	/en/article/Marvin_Gawryn/Ministry_and_Service_Our_Call	Marvin Gawryn	Spiritual Fellowship
Spiritual Perspectives in the Workplace	/en/article/James_Moravec/Spiritual_Perspectives_in_the_Workplace	James Moravec	Spiritual Fellowship
Putting the New Apocalypticism in Perspective	/en/article/Byron_Belitsos/Putting_the_New_Apocalypticism_in_Perspective	Byron Belitsos	Spiritual Fellowship
Volume 6 — 1996	---	is-volume	---
Spring 1996	/image/article/Spiritual_Fellowship_Journal/volume6_no1.jpg	is-issue	---
Issue Content, Spring 1996	/en/article/Spiritual_Fellowship_Journal/Issue_Content_volume6_no1	---	Spiritual Fellowship
The need for a New Vision of Spiritual Reality	/en/article/Meredith_Sprunger/The_need_for_a_New_Vision_of_Spiritual_Reality	Meredith Sprunger	Spiritual Fellowship
American Search for Spirituality	/en/article/Meredith_Sprunger/American_Search_for_Spirituality	Meredith Sprunger	Spiritual Fellowship
The Historical Jesus	/en/article/Meredith_Sprunger/The_Historical_Jesus	Meredith Sprunger	Spiritual Fellowship
The Mystery of Mind	/en/article/Meredith_Sprunger/The_Mystery_of_Mind	Meredith Sprunger	Spiritual Fellowship
Toward a Global Theology	/en/article/Sue_Tennant/Toward_a_Global_Theology	Sue Tennant	Spiritual Fellowship
Paradise: The Recentering of Theology	/en/article/Byron_Belitsos/Paradise_The_Recentering_of_Theology	Byron Belitsos	Spiritual Fellowship
Death, The Final Frontier	/en/article/Dick_Bain/Death_The_Final_Frontier	Dick Bain	Spiritual Fellowship
My Odyssey of Peak Experiences	/en/article/Meredith_Sprunger/My_Odyssey_of_Peak_Experiences_2	Meredith Sprunger	Spiritual Fellowship
Values: Learn Them or Lose Them	/en/article/C_Bud_Bromley/Values_Learn_Them_or_Lose_Them	C. Bud Bromley	Spiritual Fellowship
Significant Books: The Humble Approach by John M. Templeton	/en/article/Meredith_Sprunger/Significant_Books_The_Humble_Approach_by_John_M_Templeton	Meredith Sprunger	Spiritual Fellowship
Significant Books: Earth Currents by by Howard A. Snyder	/en/article/Meredith_Sprunger/Significant_Books_Earth_Currents_by_by_Howard_A_Snyder	Meredith Sprunger	Spiritual Fellowship
Psalms Today	/en/article/Spiritual_Fellowship_Journal/Psalms_Today_4	---	Spiritual Fellowship
Fall 1996	/image/article/Spiritual_Fellowship_Journal/volume6_no2.jpg	is-issue	---
Issue Content, Fall 1996	/en/article/Spiritual_Fellowship_Journal/Issue_Content_volume6_no2	---	Spiritual Fellowship
Spiritual Decadence and Rebirth	/en/article/Meredith_Sprunger/Spiritual_Decadence_and_Rebirth	Meredith Sprunger	Spiritual Fellowship
The Quest for Immortality	/en/article/Meredith_Sprunger/The_Quest_for_Immortality	Meredith Sprunger	Spiritual Fellowship
Semantics and the Lord's Supper	/en/article/Meredith_Sprunger/Semantics_and_the_Lords_Supper	Meredith Sprunger	Spiritual Fellowship
The Atonement Doctrine	/en/article/Preston_Thomas/The_Atonement_Doctrine	Preston Thomas	Spiritual Fellowship
Poor in Spirit	/en/article/Mark_Hall/Poor_in_Spirit	Mark Hall	Spiritual Fellowship
How Christian is The Urantia Book?	/en/article/Dick_Bain_and_Meredith_Sprunger/How_Christian_is_UB	Dick Bain and Meredith Sprunger	Spiritual Fellowship
Encountering The Urantia Book	/en/article/Irene_L_Sprunger/Encountering_UB	Irene L. Sprunger	Spiritual Fellowship
Sermon: Taking Responsibility for Our Lives	/en/article/Rev_Gregory_Young/Sermon_Taking_Responsibility_for_Our_Lives	Rev. Gregory Young	Spiritual Fellowship
Psalms Today: A New Song	/en/article/Spiritual_Fellowship_Journal/Psalms_Today_5	---	Spiritual Fellowship
Serving God Within the Church	/en/article/Merlyn_Cox/Serving_God_Within_the_Church	Merlyn Cox	Spiritual Fellowship
Significant Books: Science, Anthropology, and Archaeology in The Urantia Book by Ken. T. Glasziou	/en/article/Meredith_Sprunger/Significant_Books_Science_by_Ken_T_Glasziou	Meredith Sprunger	Spiritual Fellowship
Significant Books: The Philosophical Scientists by David Foster	/en/article/Meredith_Sprunger/Significant_Books_The_Philosophical_Scientists_by_David_Foster	Meredith Sprunger	Spiritual Fellowship
More Psalms Today: The Universal Father	/en/article/Spiritual_Fellowship_Journal/Psalms_Today_6	---	Spiritual Fellowship
On Values	/en/article/Larry_Mullins/On_Values	Larry Mullins	Spiritual Fellowship
More Psalms Today: Spirit Realities	/en/article/Spiritual_Fellowship_Journal/Psalms_Today_7	---	Spiritual Fellowship
Volume 7 — 1997	---	is-volume	---
Spring 1997	/image/article/Spiritual_Fellowship_Journal/volume7_no1.jpg	is-issue	---
Issue Content, Spring 1997	/en/article/Spiritual_Fellowship_Journal/Issue_Content_volume7_no1	---	Spiritual Fellowship
An Age of Transition	/en/article/Meredith_Sprunger/An_Age_of_Transition	Meredith Sprunger	Spiritual Fellowship
Confirming and Enlarging the Biblical Message	/en/article/Meredith_Sprunger/Confirming_and_Enlarging_the_Biblical_Message	Meredith Sprunger	Spiritual Fellowship
A Call to Revival	/en/article/Meredith_Sprunger/A_Call_to_Revival	Meredith Sprunger	Spiritual Fellowship
When Time is Not of the Essence	/en/article/Merlyn_Cox/When_Time_is_Not_of_Essence	Merlyn Cox	Spiritual Fellowship
Thoughts on the Brotherhood of Man	/en/article/William_M_Kelly/Thoughts_on_the_Brotherhood_of_Man	William M. Kelly	Spiritual Fellowship
My Spiritual Pilgrimage	/en/article/Jean_Barr/My_Spiritual_Pilgrimage	Jean Barr	Spiritual Fellowship
The Religion of Jesus	/en/article/Bruce_Jackson/The_Religion_of_Jesus	Bruce Jackson	Spiritual Fellowship
Significant Books: The Real Jesus by Luke Timothy Johnson	/en/article/Meredith_Sprunger/Significant_Books_The_Real_Jesus_by_Luke_Timothy_Johnson	Meredith Sprunger	Spiritual Fellowship
Significant Books: The Power Behind Positive Thinking by Eric Fellman	/en/article/Meredith_Sprunger/Significant_Books_The_Power_Behind_Positive_by_Eric_Fellman	Meredith Sprunger	Spiritual Fellowship
Sermon: Recognizing the Goodness of God	/en/article/Rev_Gregory_Young/Sermon_Recognizing_the_Goodness_of_God	Rev. Gregory Young	Spiritual Fellowship
Prayerful Problem Solving	/en/article/Meredith_Sprunger/Prayerful_Problem_Solving	Meredith Sprunger	Spiritual Fellowship
Fall 1997	/image/article/Spiritual_Fellowship_Journal/volume7_no2.jpg	is-issue	---
Issue Content, Fall 1997	/en/article/Spiritual_Fellowship_Journal/Issue_Content_volume7_no2	---	Spiritual Fellowship
Charting a New Course	/en/article/Meredith_Sprunger/Charting_a_New_Course	Meredith Sprunger	Spiritual Fellowship
A New Spiritual Paradigm Needed	/en/article/Meredith_Sprunger/A_New_Spiritual_Paradigm_Needed	Meredith Sprunger	Spiritual Fellowship
New Dimensions in Theology	/en/article/Meredith_Sprunger/New_Dimensions_in_Theology	Meredith Sprunger	Spiritual Fellowship
On Theological Transitions	/en/article/Meredith_Sprunger/On_Theological_Transitions	Meredith Sprunger	Spiritual Fellowship
Arguing With Nicodemus	/en/article/Merlyn_Cox/Arguing_With_Nicodemus	Merlyn Cox	Spiritual Fellowship
Significant Books: The Good Book by Peter J. Gomes	/en/article/Meredith_Sprunger/Significant_Books_The_Good_Book_by_Peter_J_Gomes	Meredith Sprunger	Spiritual Fellowship
Significant Books: Reclaiming the Church by John B. Cobb, Jr	/en/article/Meredith_Sprunger/Significant_Books_Reclaiming_the_Church_by_John_B_Cobb_Jr	Meredith Sprunger	Spiritual Fellowship
To be Wise as Serpents, Harmless as Doves	/en/article/Rebecca_Kantor/To_be_Wise_as_Serpents_Harmless_as_Doves	Rebecca Kantor	Spiritual Fellowship
Our Major Responsibility: Disseminating the Fifth Epochal Revelation	/en/article/Meredith_Sprunger/Our_Major_Responsibility_Disseminating_the_Fifth_Epochal_Revelation	Meredith Sprunger	Spiritual Fellowship
Ambiguities of The Urantia Book	/en/article/Ken_Glasziou/Ambiguities_of_UB	Ken Glasziou	Spiritual Fellowship
My Acceptance of The Urantia Book	/en/article/C_Bud_Bromley/My_Acceptance_of_UB	C. Bud Bromley	Spiritual Fellowship
Sermon: Behold, I Am Doing a New Thing!	/en/article/Rev_Gregory_Young/Sermon_Behold_I_Am_Doing_a_New_Thing	Rev. Gregory Young	Spiritual Fellowship
Suggestive Preamble for the Constitution of a Religious Organization Based on the Fifth Epochal Revelation	/en/article/Spiritual_Fellowship_Journal/Constitution_of_a_Religious_Organization	---	Spiritual Fellowship
Volume 8 — 1998	---	is-volume	---
Spring 1998	/image/article/Spiritual_Fellowship_Journal/volume8_no1.jpg	is-issue	---
Issue Content, Spring 1998	/en/article/Spiritual_Fellowship_Journal/Issue_Content_volume8_no1	---	Spiritual Fellowship
Balanced Outreach	/en/article/Meredith_Sprunger/Balanced_Outreach	Meredith Sprunger	Spiritual Fellowship
Transition Times	/en/article/Meredith_Sprunger/Transition_Times	Meredith Sprunger	Spiritual Fellowship
What is God-consciousness?	/en/article/Meredith_Sprunger/What_is_God_consciousness	Meredith Sprunger	Spiritual Fellowship
Parallels in Epochal Revelation	/en/article/Meredith_Sprunger/Parallels_in_Epochal_Revelation	Meredith Sprunger	Spiritual Fellowship
A Critical Approach to The Urantia Book	/en/article/Meredith_Sprunger/A_Critical_Approach_to_UB	Meredith Sprunger	Spiritual Fellowship
Positive Qualities	/en/article/Jim_Downs/Positive_Qualities	Jim Downs	Spiritual Fellowship
Hymnody	/en/article/Spiritual_Fellowship_Journal/Hymnody	---	Spiritual Fellowship
Do We Really Need Another Church?	/en/article/Merlyn_Cox/Do_We_Really_Need_Another_Church	Merlyn Cox	Spiritual Fellowship
Psalms Today: Praise Our Creator	/en/article/Spiritual_Fellowship_Journal/Psalms_Today_8	---	Spiritual Fellowship
An Introduction to the New Mission of The Spiritual Fellowship Journal	/en/article/Larry_Mullins/An_Introduction_to_the_New_Mission	Larry Mullins	Spiritual Fellowship
Spirituality Between the Times	/en/article/Rob_Crickett/Spirituality_Between_the_Times	Rob Crickett	Spiritual Fellowship
Spiritual Affirmations to Enhanced Religious Living	/en/article/Sue_Tennant/Spiritual_Affirmations_to_Enhanced_Religious_Living	Sue Tennant	Spiritual Fellowship
Human Values	/en/article/Nina_Bravo/Human_Values	Nina Bravo	Spiritual Fellowship
My Introduction to Jesus	/en/article/Dick_Bain/My_Introduction_to_Jesus	Richard I. Bain	Spiritual Fellowship
Sermon: Sharing Our Spiritual Experience	/en/article/Rev_Gregory_Young/Sermon_Sharing_Our_Spiritual_Experience	Rev. Gregory Young	Spiritual Fellowship
Psalms Today: Our Refuge and Hope	/en/article/Spiritual_Fellowship_Journal/Psalms_Today_9	---	Spiritual Fellowship
Significant Books: Stealing Jesus by Bruce Bawer	/en/article/Meredith_Sprunger/Significant_Books_Stealing_Jesus_by_Bruce_Bawer	Meredith Sprunger	Spiritual Fellowship
Quebec Newsletter Reflectivite	/en/article/Spiritual_Fellowship_Journal/Quebec_Newsletter_Reflectivite	---	Spiritual Fellowship
The Future of the Fifth Epochal Revelation	/en/article/Meredith_Sprunger/The_Future_of_Fifth_Epochal_Revelation	Meredith Sprunger	Spiritual Fellowship
Outreach to Young Urantians	/en/article/Larry_Mullins/Outreach_to_Young_Urantians	Larry Mullins	Spiritual Fellowship
Fall 1998	/image/article/Spiritual_Fellowship_Journal/volume8_no2.jpg	is-issue	---
Issue Content, Fall 1998	/en/article/Spiritual_Fellowship_Journal/Issue_Content_volume8_no2	---	Spiritual Fellowship
Crisis in Christianity	/en/article/Meredith_Sprunger/Crisis_in_Christianity	Meredith Sprunger	Spiritual Fellowship
Between the Times	/en/article/Meredith_Sprunger/Between_the_Times	Meredith Sprunger	Spiritual Fellowship
Does Heaven Exist?	/en/article/Meredith_Sprunger/Does_Heaven_Exist	Meredith Sprunger	Spiritual Fellowship
What if Aliens Have Landed?	/en/article/Merlyn_Cox/What_if_Aliens_Have_Landed	Merlyn Cox	Spiritual Fellowship
Psalms Today: Spiritual Guidance	/en/article/Spiritual_Fellowship_Journal/Psalms_Today_10	---	Spiritual Fellowship
A Spiritual Support Group	/en/article/Larry_Mullins/A_Spiritual_Support_Group	Larry Mullins	Spiritual Fellowship
The Urantia Book and the Internet	/en/article/David_Kantor/UB_and_the_Internet	David Kantor	Spiritual Fellowship
Psalms Today: The Father's Way	/en/article/Spiritual_Fellowship_Journal/Psalms_Today_11	---	Spiritual Fellowship
The coming Spiritual Renaissance	/en/article/Preston_Thomas/The_coming_Spiritual_Renaissance	Preston Thomas	Spiritual Fellowship
Religion and the Religious Organization	/en/article/Dick_Bain/Religion_and_the_Religious_Organization	Dick Bain	Spiritual Fellowship
Sermon: There is Always One More Move	/en/article/Rev_Gregory_Young/Sermon_There_is_Always_One_More_Move	Rev. Gregory Young	Spiritual Fellowship
Psalms Today: The Saving Presence	/en/article/Spiritual_Fellowship_Journal/Psalms_Today_12	---	Spiritual Fellowship
Significant Books: Why Christianity Must Change or Die by John Shelby Spong	/en/article/Meredith_Sprunger/Significant_Books_Why_Christianity_by_John_Shelby_Spong	Meredith Sprunger	Spiritual Fellowship
Volume 9 — 1999	---	is-volume	---
Spring 1999	/image/article/Spiritual_Fellowship_Journal/volume9_no1.jpg	is-issue	---
New Religious Movements	/en/article/Meredith_Sprunger/New_Religious_Movements	Meredith Sprunger	Spiritual Fellowship
No Credible Theology	/en/article/Meredith_Sprunger/No_Credible_Theology	Meredith Sprunger	Spiritual Fellowship
Theology vs. Spirituality	/en/article/Meredith_Sprunger/Theology_vs_Spirituality	Meredith Sprunger	Spiritual Fellowship
Contemporary Theology Anticipates The Urantia Book	/en/article/Meredith_Sprunger/Contemporary_Theology_Anticipates_UB	Meredith Sprunger	Spiritual Fellowship
Worship and the Urantia Community	/en/article/Merlyn_Cox/Worship_and_the_Urantia_Community	Merlyn Cox	Spiritual Fellowship
Scientist Intrigued by The Urantia Book	/en/article/Larry_Mullins/Scientist_Intrigued_by_UB	Larry Mullins	Spiritual Fellowship
Disseminating the Teachings	/en/article/Richard_S_Omura/Disseminating_the_Teachings	Richard S. Omura	Spiritual Fellowship
Meta-Values ( Part I )	/en/article/Larry_Mullins/Meta_Values_Part_I	Larry Mullins	Spiritual Fellowship
Sermon: The Only Life Worth Living	/en/article/Rev_Gregory_Young/Sermon_The_Only_Life_Worth_Living	Rev. Gregory Young	Spiritual Fellowship
Doing the Father's Will	/en/article/David_E_Glass/Doing_the_Fathers_Will	David E. Glass	Spiritual Fellowship
Understanding Evil in Human Experience	/en/article/Meredith_Sprunger/Understanding_Evil_in_Human_Experience	Meredith Sprunger	Spiritual Fellowship
Significant Books: A New Morality from Science: Beyondism by Raymond B. Cattell	/en/article/Bud_Bromley/Significant_Books_A_New_Morality_by_Raymond_B_Cattell	Bud Bromley	Spiritual Fellowship
Sharing the Revelation	/en/article/J_J_Johnson/Sharing_the_Revelation	J. J. Johnson	Spiritual Fellowship
Significant Books: Consilience by Edward O. Wilson	/en/article/Meredith_Sprunger/Significant_Books_Consilience_by_Edward_O_Wilson	Meredith Sprunger	Spiritual Fellowship
Fall 1999	/image/article/Spiritual_Fellowship_Journal/volume9_no2.jpg	is-issue	---
Preparing for a New Spiritual Paradigm	/en/article/Meredith_Sprunger/Preparing_for_a_New_Spiritual_Paradigm	Meredith Sprunger	Spiritual Fellowship
Creeping Fundamentalism	/en/article/Meredith_Sprunger/Creeping_Fundamentalism	Meredith Sprunger	Spiritual Fellowship
Urantia Movement Growth	/en/article/Meredith_Sprunger/Urantia_Movement_Growth	Meredith Sprunger	Spiritual Fellowship
Science and Theology	/en/article/Meredith_Sprunger/Science_and_Theology	Meredith Sprunger	Spiritual Fellowship
In Plain Speech	/en/article/Merlyn_Cox/In_Plain_Speech	Merlyn Cox	Spiritual Fellowship
The Quest for Spiritual Culture: Toward a New Paradigm of Spirituality	/en/article/David_Kantor/The_Quest_for_Spiritual_Culture	David Kantor	Spiritual Fellowship
Meta-Values ( Part II )	/en/article/Larry_Mullins/Meta_Values_Part_II	Larry Mullins	Spiritual Fellowship
Living the Family of God	/en/article/Marvin_Gawryn/Living_the_Family_of_God	Marvin Gawryn	Spiritual Fellowship
The Principles of Jesus' Teaching	/en/article/Dick_Bain/The_Principles_of_Jesus_Teaching	Richard I. Bain	Spiritual Fellowship
Volume 10 — 2000	---	is-volume	---
Spring 2000	/image/article/Spiritual_Fellowship_Journal/volume10_no1.jpg	is-issue	---
History's Unpredictability	/en/article/Meredith_Sprunger/Historys_Unpredictability	Meredith Sprunger	Spiritual Fellowship
Is it Time for New Religious Organizations?	/en/article/Meredith_Sprunger/Is_it_Time_for_New_Religious_Organizations	Meredith Sprunger	Spiritual Fellowship
Aspects of Prophetic Leadership	/en/article/Meredith_Sprunger/Aspects_of_Prophetic_Leadership	Meredith Sprunger	Spiritual Fellowship
A New Millennium Church	/en/article/Meredith_Sprunger/A_New_Millennium_Church	Meredith Sprunger	Spiritual Fellowship
A Celebration of Low Technology	/en/article/Merlyn_Cox/A_Celebration_of_Low_Technology	Merlyn Cox	Spiritual Fellowship
In His Presence	/en/article/Larry_Mullins/In_His_Presence	Larry Mullins	Spiritual Fellowship
Go Into All the World, to Every Race, Tribe, and Nation	/en/article/Jay_Newbern/Go_Into_All_the_World_to_Every_Race_Tribe_and_Nation	Jay Newbern	Spiritual Fellowship
Do This in Remembrance of Me	/en/article/John_Marks/Do_This_in_Remembrance_of_Me	John Marks	Spiritual Fellowship
A Communion Service 	/en/article/Spiritual_Fellowship_Journal/A_Communion_Service	---	Spiritual Fellowship
The Resurrection of Value	/en/article/Rev_Gregory_Young/The_Resurrection_of_Value	Rev. Gregory Young	Spiritual Fellowship
God's Gender	/en/article/Dick_Bain/Gods_Gender	Richard I. Bain	Spiritual Fellowship
The Commission to Minister	/en/article/Meredith_Sprunger/The_Commission_to_Minister	Meredith Sprunger	Spiritual Fellowship
Fall 2000	/image/article/Spiritual_Fellowship_Journal/volume10_no2.jpg	is-issue	---
On Copyright and Service Marks	/en/article/Meredith_Sprunger/On_Copyright_and_Service_Marks	Meredith Sprunger	Spiritual Fellowship
Ecumenically Challenged	/en/article/Meredith_Sprunger/Ecumenically_Challenged	Meredith Sprunger	Spiritual Fellowship
How is Society Enculturated?	/en/article/Meredith_Sprunger/How_is_Society_Enculturated	Meredith Sprunger	Spiritual Fellowship
Can We, Should We, Get Organized?	/en/article/Merlyn_Cox/Can_We_Should_We_Get_Organized	Merlyn Cox	Spiritual Fellowship
Your Favorite Part of the Revelation	/en/article/Larry_Mullins/Your_Favorite_Part_of_Revelation	Larry Mullins	Spiritual Fellowship
The State of the Urantia Movement	/en/article/Janet_Farrington_Graham/The_State_of_Urantia_Movement	Janet Farrington Graham	Spiritual Fellowship
Goals Not Creeds: Worship and Service	/en/article/Rosey_Lieske/Goals_Not_Creeds_Worship_and_Service	Rosey Lieske	Spiritual Fellowship
The Mythology of The Urantia Book	/en/article/Dick_Bain/The_Mythology_of_UB	Richard I. Bain	Spiritual Fellowship
Planetary Ecumenism	/en/article/Jay_Newbern/Planetary_Ecumenism	Jay Newbern	Spiritual Fellowship
Revelation and Patience	/en/article/Steven_R_Johnson/Revelation_and_Patience	Steven R. Johnson	Spiritual Fellowship
There is a Better Way	/en/article/Rev_Gregory_Young/There_is_a_Better_Way	Rev. Gregory Young	Spiritual Fellowship
When God Doesn’t Make Sense	/en/article/Lynn_E_Rhoderick/When_God_Doesnt_Make_Sense	Lynn E. Rhoderick	Spiritual Fellowship
Significant Books: Finding Darwin’s God by Kenneth R. Miller	/en/article/Meredith_Sprunger/Significant_Books_Finding_Darwins_God_by_Kenneth_R_Miller	Meredith Sprunger	Spiritual Fellowship
Volume 11 — 2001	---	is-volume	---
Spring 2001	/image/article/Spiritual_Fellowship_Journal/volume11_no1.jpg	is-issue	---
Transition and Transformation	/en/article/Meredith_Sprunger/Transition_and_Transformation	Meredith Sprunger	Spiritual Fellowship
A Seismic Shift in Christianity	/en/article/Meredith_Sprunger/A_Seismic_Shift_in_Christianity	Meredith Sprunger	Spiritual Fellowship
The End of Christendom	/en/article/Meredith_Sprunger/The_End_of_Christendom	Meredith Sprunger	Spiritual Fellowship
A Restatement of the Gospels	/en/article/Meredith_Sprunger/A_Restatement_of_Gospels	Meredith Sprunger	Spiritual Fellowship
View From the Trenches	/en/article/Merlyn_Cox/View_From_the_Trenches	Merlyn Cox	Spiritual Fellowship
Teachers, Leaders, and Trembling Hands	/en/article/Larry_Mullins/Teachers_Leaders_and_Trembling_Hands	Larry Mullins	Spiritual Fellowship
Truth, What is Truth — Who Knows?	/en/article/Ken_Glasziou/Truth_What_is_Truth_Who_Knows	Ken Glasziou	Spiritual Fellowship
The Great Enterprise	/en/article/Dick_Bain/The_Great_Enterprise	Richard I. Bain	Spiritual Fellowship
Faith and Spirituality	/en/article/John_Marks/Faith_and_Spirituality	John Marks	Spiritual Fellowship
Mind Mastery	/en/article/Meredith_Sprunger/Mind_Mastery	Meredith Sprunger	Spiritual Fellowship
A Question of Priorities	/en/article/Rev_Gregory_Young/A_Question_of_Priorities	Rev. Gregory Young	Spiritual Fellowship
The Ascendancy of the Fifth Epochal Revelation	/en/article/Meredith_Sprunger/The_Ascendancy_of_Fifth_Epochal_Revelation	Meredith Sprunger	Spiritual Fellowship
Fall 2001	/image/article/Spiritual_Fellowship_Journal/volume11_no2.jpg	is-issue	---
“Invisible, Loving Human Forces”	/en/article/Larry_Mullins/Invisible_Loving_Human_Forces	Larry Mullins	Spiritual Fellowship
Significant Books: The Art of Possibility by Kenneth R. Miller	/en/article/Larry_Mullins/Significant_Books_The_Art_of_Possibility_by_Kenneth_R_Miller	Larry Mullins	Spiritual Fellowship
Significant Books: Practicing His Presence by Frank Laubach	/en/article/Joan_Batson_Mullins/Significant_Books_Practicing_His_Presence_by_Frank_Laubach	Joan Batson Mullins	Spiritual Fellowship
A New Urgency?	/en/article/Merlyn_Cox/A_New_Urgency	Merlyn Cox	Spiritual Fellowship
Forgotten Urantian : Don Deam	/en/article/Larry_Mullins/Forgotten_Urantian_Don_Deam	Larry Mullins	Spiritual Fellowship
The Spiritual Fellowship	/en/article/Meredith_Sprunger/The_Spiritual_Fellowship	Meredith Sprunger	Spiritual Fellowship
The Spiritual Fellowship — Why Now?	/en/article/Sherilyn_Henry/The_Spiritual_Fellowship_Why_Now	Sherilyn Henry	Spiritual Fellowship
The Family — Birthplace of Cosmic Citizenship	/en/article/Paul_Snider/The_Family_Birthplace_of_Cosmic_Citizenship	Paul Snider	Spiritual Fellowship
Identity in the Modern Renaissance	/en/article/Bruce_R_Jackson/Identity_in_the_Modern_Renaissance	Bruce R. Jackson	Spiritual Fellowship
A Sincere “Spiritual Attitude” = “Positive Doing”	/en/article/Nancy_Bigelow/A_Sincere_Spiritual_Attitude_Positive_Doing	Nancy Bigelow	Spiritual Fellowship
The Turning Point (Part I)	/en/article/Arthur_Nash/The_Turning_Point_Part_I	Arthur Nash	Spiritual Fellowship
Real Life Outreach	/en/article/Larry_Mullins/Real_Life_Outreach	Larry Mullins	Spiritual Fellowship
The Religion Humankind Fears	/en/article/Larry_Mullins/The_Religion_Humankind_Fears	Larry Mullins	Spiritual Fellowship
Volume 12 — 2002	---	is-volume	---
Spring 2002	/image/article/Spiritual_Fellowship_Journal/volume12_no1.jpg	is-issue	---
The Greatest Thing Richard Feynman Bver Wrote	/en/article/Larry_Mullins/The_Greatest_Thing_Richard_Feynman_Bver_Wrote	Larry Mullins	Spiritual Fellowship
Ordination at Boulder	/en/article/Larry_Mullins/Ordination_at_Boulder	Larry Mullins	Spiritual Fellowship
The Mix of Joy and Discouragement	/en/article/Merlyn_Cox/The_Mix_of_Joy_and_Discouragement	Merlyn Cox	Spiritual Fellowship
Toward Spiritual Fellowship	/en/article/Meredith_Sprunger/Toward_Spiritual_Fellowship	Meredith Sprunger	Spiritual Fellowship
Living the Teachings Groups	/en/article/Larry_Mullins/Living_the_Teachings_Groups	Larry Mullins	Spiritual Fellowship
The Inner Life Challenge	/en/article/Joan_Batson_Mullins/The_Inner_Life_Challenge	Joan Batson Mullins	Spiritual Fellowship
The Priceless Opportunity: The Joy that Knows No Bounds	/en/article/Tom_Choquette/The_Priceless_Opportunity_The_Joy_that_Knows_No_Bounds	Tom Choquette	Spiritual Fellowship
More Lessons from the Birds and Bees	/en/article/Merlyn_Cox/More_Lessons_from_the_Birds_and_Bees	Merlyn Cox	Spiritual Fellowship
The Scientific Integrity of The Urantia Book	/en/article/Denver_Pearson/The_Scientific_Integrity_of_UB	Denver Pearson	Spiritual Fellowship
The Infinity of God: An Astronomical Approach	/en/article/Bud_Bromley/The_Infinity_of_God_An_Astronomical_Approach	Bud Bromley	Spiritual Fellowship
The Real Gospel	/en/article/Norm_Du_Val/The_Real_Gospel	Norm Du Val	Spiritual Fellowship
The Turning Poing ( Part II )	/en/article/Arthur_Nash/The_Turning_Poing_Part_II	Arthur Nash	Spiritual Fellowship
Fall 2002	/image/article/Spiritual_Fellowship_Journal/volume12_no2.jpg	is-issue	---
God’s Little Three-Digit Joke on Quantum Science	/en/article/Larry_Mullins/Gods_Little_Three_Digit_Joke_on_Quantum_Science	Larry Mullins	Spiritual Fellowship
Buckminster Fuller’s Life-Changing Experience	/en/article/John_Love/Buckminster_Fullers_Life_Changing_Experience	John Love	Spiritual Fellowship
If We Build It, Will They Come?	/en/article/Merlyn_Cox/If_We_Build_It_Will_They_Come	Merlyn Cox	Spiritual Fellowship
The History of the Spiritual Fellowship	/en/article/Meredith_Sprunger/The_History_of_Spiritual_Fellowship	Meredith Sprunger	Spiritual Fellowship
Quantum Mysteries and The Urantia Papers ( Part I )	/en/article/Donald_Briglia/Quantum_Mysteries_and_The_Urantia_Papers_Part_I	Donald Briglia	Spiritual Fellowship
A Service Adventure in Guatemala	/en/article/Micah_Kruger/A_Service_Adventure_in_Guatemala	Micah Kruger	Spiritual Fellowship
Let's Go Public	/en/article/Ken_Raveill/Lets_Go_Public	Ken Raveill	Spiritual Fellowship
Compare: Human Concepts Paralleled with The Urantia Papers	/en/article/Tom_and_Karen_Allen/Compare_Human_Concepts_Paralleled_with_The_Urantia_Papers	Tom and Karen Allen	Spiritual Fellowship
Our Urantian in Pakistan	/en/article/Larry_Mullins/Our_Urantian_in_Pakistan	Larry Mullins	Spiritual Fellowship
The Man Nobody Knows ( Part I )	/en/article/Bruce_Barton/The_Man_Nobody_Knows_Part_I	Bruce Barton	Spiritual Fellowship
Volume 13 — 2003	---	is-volume	---
Spring 2003	/image/article/Spiritual_Fellowship_Journal/volume13_no1.jpg	is-issue	---
The Nadia Factor	/en/article/Larry_Mullins/The_Nadia_Factor	Larry Mullins	Spiritual Fellowship
A Transition Period	/en/article/Meredith_Sprunger/A_Transition_Period	Meredith Sprunger	Spiritual Fellowship
Observations on Religious Institutions	/en/article/Merlyn_Cox/Observations_on_Religious_Institutions	Merlyn Cox	Spiritual Fellowship
Quantum Mysteries and The Urantia Papers ( Part II )	/en/article/Donald_Briglia/Quantum_Mysteries_and_The_Urantia_Papers_Part_II	Donald Briglia	Spiritual Fellowship
Unique Urantian Outreach	/en/article/Gary_Dangerfield/Unique_Urantian_Outreach	Gary Dangerfield	Spiritual Fellowship
Personal and Global Peace	/en/article/Anton_Schmalz/Personal_and_Global_Peace	Anton Schmalz	Spiritual Fellowship
Where are the Great Urantia Leaders and Teachers?	/en/article/Larry_Watkins/Where_are_the_Great_Urantia_Leaders_and_Teachers	Larry Watkins	Spiritual Fellowship
Is this a Boring Movement?	/en/article/Eric_Cosh/Is_this_a_Boring_Movement	Eric Cosh	Spiritual Fellowship
God's Orchestra	/en/article/Saskia_Praamsma_Raevouri/Gods_Orchestra	Saskia Praamsma Raevouri	Spiritual Fellowship
God within Our Daily Life and our Eternity Adventure	/en/article/JioLin_Johnson/God_within_Our_Daily_Life_and_our_Eternity_Adventure	JioLin Johnson	Spiritual Fellowship
The Man Nobody Knows ( Part II )	/en/article/Bruce_Barton/The_Man_Nobody_Knows_Part_II	Bruce Barton	Spiritual Fellowship
Fall 2003	/image/article/Spiritual_Fellowship_Journal/volume13_no2.jpg	is-issue	---
The Sherman Diaries	/en/article/Larry_Mullins/The_Sherman_Diaries	Larry Mullins	Spiritual Fellowship
Creative Outreach: Adjusting our Perspective	/en/article/Meredith_Sprunger/Creative_Outreach_Adjusting_our_Perspective	Meredith Sprunger	Spiritual Fellowship
Leadership for Spiritual Communities	/en/article/Merlyn_Cox/Leadership_for_Spiritual_Communities	Merlyn Cox	Spiritual Fellowship
Sir Hubert Wilkins: 20th Century Magellan, Early Urantian	/en/article/Robert_D_Campbell/Sir_Hubert_Wilkins_20th_Century_Magellan_Early_Urantian	Robert D. Campbell	Spiritual Fellowship
Eugenics and the Urantia Papers	/en/article/Dick_Bain/Eugenics_and_the_Urantia_Papers	Dick Bain	Spiritual Fellowship
Eugenics and the Urantia Papers: A Different View	/en/article/Larry_and_Joan_Mullins/Eugenics_and_the_Urantia_Papers_A_Different_View	Larry and Joan Mullins	Spiritual Fellowship
Spiritual Outreach for Spiritual Fellowships	/en/article/Nancy_Long/Spiritual_Outreach_for_Spiritual_Fellowships	Nancy Long	Spiritual Fellowship
God and Lady	/en/article/Thomas_Strawser/God_and_Lady	Thomas Strawser	Spiritual Fellowship
The Man Nobody Knows ( Part III )	/en/article/Bruce_Barton/The_Man_Nobody_Knows_Part_III	Bruce Barton	Spiritual Fellowship
Volume 14 — 2004	---	is-volume	---
Fall 2004	/image/article/Spiritual_Fellowship_Journal/volume14_no2.jpg	is-issue	---
Transitions...	/en/article/Merlyn_Cox/Transitions	Merlyn Cox	Spiritual Fellowship
Religion in Transition	/en/article/Meredith_Sprunger/Religion_in_Transition	Meredith Sprunger	Spiritual Fellowship
The Joy of Living ina New Age	/en/article/Meredith_Sprunger/The_Joy_of_Living_ina_New_Age	Meredith Sprunger	Spiritual Fellowship
Are We Starting a New Religion?	/en/article/Merlyn_Cox/Are_We_Starting_a_New_Religion	Merlyn Cox	Spiritual Fellowship
Should a Urantia Church be Formed?	/en/article/Sue_Tennant/Should_a_Urantia_Church_be_Formed	Sue Tennant	Spiritual Fellowship
Prayer and Worship — As We Should Understand It	/en/article/Jean_Barr/Prayer_and_Worship_As_We_Should_Understand_It	Jean Barr	Spiritual Fellowship
The Challenge ( Part I )	/en/article/Ken_Glasziou/The_Challenge_Part_I	Ken Glasziou	Spiritual Fellowship
Jesus and the Cross	/en/article/Dick_Bain/Jesus_and_the_Cross	Richard I. Bain	Spiritual Fellowship
Actualizing a New Organizational Paradigm	/en/article/Richard_Omura/Actualizing_a_New_Organizational_Paradigm	Richard Omura	Spiritual Fellowship
Poison, Parables, and Paradise	/en/article/Stephen_Zendt/Poison_Parables_and_Paradise	Stephen Zendt	Spiritual Fellowship
Volume 15 — 2005	---	is-volume	---
Spring 2005	/image/article/Spiritual_Fellowship_Journal/volume15_no1.jpg	is-issue	---
Reflections on a Long Winter	/en/article/Merlyn_Cox/Reflections_on_a_Long_Winter	Merlyn Cox	Spiritual Fellowship
Toward Spiritual Fellowship	/en/article/Meredith_Sprunger/Toward_Spiritual_Fellowship	Meredith Sprunger	Spiritual Fellowship
The Challenge ( Part II )	/en/article/Ken_Glasziou/The_Challenge_Part_II	Ken Glasziou	Spiritual Fellowship
A Careful Examination of the “Not Inspired” Disclaimers of The Urantia Book (Part I)	/en/article/Philip_Calabrese/A_Careful_Examination_of_Not_Inspired_UB_Part_I	Philip Calabrese	Spiritual Fellowship
Significant Books: “Astrobiology: The Origins of Life and the Death of Darwinism” by Rhawn Joseph	/en/article/Merlyn_Cox/Significant_Books_Astrobiology_by_Rhawn_Joseph	Merlyn Cox	Spiritual Fellowship
On the Supreme: An Essay	/en/article/Mel_Quinn/On_the_Supreme_An_Essay	Mel Quinn	Spiritual Fellowship
Fall 2005	/image/article/Spiritual_Fellowship_Journal/volume15_no2.jpg	is-issue	---
Looking for Alternative Communities	/en/article/Merlyn_Cox/Looking_for_Alternative_Communities	Merlyn Cox	Spiritual Fellowship
Religious Pluralism	/en/article/Meredith_Sprunger/Religious_Pluralism	Meredith Sprunger	Spiritual Fellowship
Global Preparation	/en/article/Meredith_Sprunger/Global_Preparation	Meredith Sprunger	Spiritual Fellowship
A Careful Examination of the “Not Inspired” Disclaimers of The Urantia Book (Part II)	/en/article/Dr_Philip_Calabrese/A_Careful_Examination_of_Not_Inspired_of_UB_Part_II	Dr. Philip Calabrese	Spiritual Fellowship
Significant Books: Joy At Work	/en/article/Meredith_Sprunger/Significant_Books_Joy_At_Work	Meredith Sprunger	Spiritual Fellowship
Living the Teachings	/en/article/Larry_and_Joan_Mullins/Living_the_Teachings	Larry and Joan Mullins	Spiritual Fellowship
Pioneers in the New Age	/en/article/Meredith_Sprunger/Pioneers_in_the_New_Age	Meredith Sprunger	Spiritual Fellowship
Fusion Power	/en/article/Stan_Hartman/Fusion_Power	Stan Hartman	Spiritual Fellowship
Sermon: Ye Shall Know the Truth	/en/article/Rev_Dan_McCauley/Sermon_Ye_Shall_Know_the_Truth	Rev. Dan McCauley	Spiritual Fellowship
Volume 16 — 2006	---	is-volume	---
Spring 2006 — Last Issue	/image/article/Spiritual_Fellowship_Journal/volume16_no1.jpg	is-issue	---
Gifts and Graces of the Urantia Community	/en/article/Merlyn_Cox/Gifts_and_Graces_of_Urantia_Community	Merlyn Cox	Spiritual Fellowship
Christianity in Transition	/en/article/Meredith_Sprunger/Christianity_in_Transition	Meredith Sprunger	Spiritual Fellowship
Urantia Brotherhood — Origin, History, and Destiny	/en/article/Mark_Kulieke/Urantia_Brotherhood_Origin_History_and_Destiny	Mark Kulieke	Spiritual Fellowship
The Call to Ministry	/en/article/Meredith_Sprunger/The_Call_to_Ministry	Meredith Sprunger	Spiritual Fellowship
Jesus' Confrontational Technique	/en/article/Lynn_E_Rhoderick/Jesus_Confrontational_Technique	Lynn E. Rhoderick	Spiritual Fellowship
Spiritual Practice and Individual Lectio Divina	/en/article/Nancy_Long/Spiritual_Practice_and_Individual__Lectio_Divina	Nancy Long	Spiritual Fellowship
A Tale of Two Orvontons	/en/article/Dick_Bain/A_Tale_of_Two_Orvontons	Dick Bain	Spiritual Fellowship
What Constitutes The Art of Teaching	/en/article/Lee_Loots/What_Constitutes_The_Art_of_Teaching	Lee Loots	Spiritual Fellowship