Index of “Le Lien”, French Urantia Association Journal	https://lien.urantia.fr/	is-title	Le Lien
1996	---	is-volume	---
Le Lien Urantien — Issue 1 — Summer 1996	/image/article/Le_Lien/covers/001.jpg	is-issue	--------------------------------------------------------
Le Lien Urantien — Issue 1 — Summer 1996 — Contents	/en/article/Le_Lien/001	---	
A short story about personality	/en/article/Dominique_Ronfet/Petite_histoire_a_propos_de_la_personnalite	Dominique Ronfet	Personality
Infallible cosmic compass	/en/article/Jean_Davier/Infaillible_compas_cosmique	Jean Davier	
Reflection: They tell us...	/en/article/Jeanmarie_Chaise/Reflexion_Ils_nous_disent	Jeanmarie Chaise	
The Adjuster according to C.G. Jung	/en/article/Francois_Dupont/LAjusteur_selon_C_G_Jung	François Dupont	Thought Adjusters
When a little peace descends upon us	/en/article/Anne_Marie_Ronfet/Quand_un_peu_de_paix_descend_sur_nous	Anne-Marie Ronfet	Peace
Urantia on the Internet	/en/article/Francois_Le_Rohellec/Urantia_sur_Internet	François Le Rohellec	
Le Lien Urantien — Issue 2 — Autumn 1996	/image/article/Le_Lien/covers/002.jpg	is-issue	--------------------------------------------------------
Le Lien Urantien — Issue 2 — Autumn 1996 — Contents	/en/article/Le_Lien/002	---	
Artistic conception of the Master Universe	/en/article/Jean_Yves_Vigneron/Conception_artistique_du_Maitre_Univers	Jean Yves Vigneron	Cosmology
Report of the 3rd International Conference of Associations Affiliated to the I.U.A.	/en/article/Francois_Dupont/Compte_rendu_de_la_3eme_Conference_Internationale	François Dupont	Urantia Movement Event
Meeting of the translators of the URANTIA Book organized by the URANTIA Foundation in PARIS in April 1996	/en/article/George_Michelson_Dupont/Reunion_des_traducteurs_du_Livre_dURANTIA	George Michelson-Dupont	Urantia Movement Event
The Consecration	/en/article/Michael_Hanian/La_Consecration	Michael Hanian	Urantia Movement Event
Le Lien Urantien — Issue 3 — Winter 1996	/image/article/Le_Lien/covers/003.jpg	is-issue	--------------------------------------------------------
Le Lien Urantien — Issue 3 — Winter 1996 — Contents	/en/article/Le_Lien/003	---	
Artistic conception of the Master Universe (2) Artistic conception of the Master Universe (2)	/en/article/Jean_Yves_Vigneron/Conception_artistique_du_Maitre_Univers_2	Jean Yves Vigneron	Cosmology
The Personality	/en/article/Jacques_Dupont/La_personnalite	Jacques Dupont	Personality
Bruno Bettelheim and our anguished era	/en/article/Francois_Dupont/Bruno_Bettelheim_et_notre_epoque_angoissee	François Dupont	Future
1997	---	is-volume	---
Le Lien Urantien — Issue 4 — Summer 1997	/image/article/Le_Lien/covers/004.jpg	is-issue	--------------------------------------------------------
Le Lien Urantien — Issue 4 — Summer 1997 — Contents	/en/article/Le_Lien/004	---	
The American justice system rules in favor of copyright on appeal	/en/article/George_Michelson_Dupont/La_justice_americaine_en_faveur_du_copyright	George Michelson-Dupont	Urantia Foundation—Copyright
After death	/en/article/Luc_Lachance/Apres_la_mort	Luc Lachance	Life after death
Deity and divinity	/en/article/Le_Lien/Deite_et_divinite	---	God
The Personality (2)	/en/article/Francois_Dupont/La_Personnalite	François Dupont	Personality
Supremacy	/en/article/Jean_Claude_Romeuf/Suprematie	Jean-Claude Romeuf	The Supreme
Le Lien Urantien — Issue 5 — Autumn 1997	/image/article/Le_Lien/covers/005.jpg	is-issue	--------------------------------------------------------
Le Lien Urantien — Issue 5 — Autumn 1997 — Contents	/en/article/Le_Lien/005	---	
International Conference of the I.U.A. in Helsinki from August 7 to 10, 1998	/en/article/Francois_Le_Rohellec/Conference_Internationale_de_lIUA_a_Helsinki	François Le Rohellec	Urantia Movement Event
Meeting of September 21, 1997 in Villebon-Sur-Yvette	/en/article/Agnes_Coulon/Rencontre_du_21_Septembre_1997_a_Villebon_Sur_Yvette	Agnès Coulon	Urantia Movement Event
Metaphysical Thoughts of an Agnostic	/en/article/Francois_Dupont/Pensees_metaphysiques_dun_agnostique	François Dupont	Atheism
Coherence, or Principle of Evanescence?	/en/article/Jean_Royer/Coherence_ou_principe_devanescence	Jean Royer	
The Spirit of Truth: Unifying Pole of Religions?	/en/article/Dominique_Ronfet/LEsprit_de_Verite_pole_unificateur_des_religions	Dominique Ronfet	
Personality, Identity, Divinity	/en/article/Jean_Claude_Romeuf/Personnalite_Identite_Divinite	Jean-Claude Romeuf	Personality
1998	---	is-volume	---
Le Lien Urantien — Issue 6 — Summer 1998	/image/article/Le_Lien/covers/006.jpg	is-issue	--------------------------------------------------------
Le Lien Urantien — Issue 6 — Summer 1998 — Contents	/en/article/Le_Lien/006	---	
Awaiting the Resurrection	/en/article/Jean_Claude_Romeuf/En_attendant_la_resurrection	Jean-Claude Romeuf	Life after death
Contribution to Jean Royer's article “Coherence, or principle of evanescence?” from Lien n5	/en/article/Dominique_Ronfet/Contribution_a_larticle_de_Jean_Royer	Dominique Ronfet	
Le Lien Urantien — Issue 7 — Autumn 1998	/image/article/Le_Lien/covers/007.jpg	is-issue	--------------------------------------------------------
Le Lien Urantien — Issue 7 — Autumn 1998 — Contents	/en/article/Le_Lien/007	---	
The Urantia Book and Children	/en/article/Guy_Bourhis/Le_Livre_dUrantia_et_les_enfants	Guy Bourhis	Children
Emergence and Finality of Worship	/en/article/Jeanmarie_Chaise/Emergence_et_finalite_de_ladoration	Jeanmarie Chaise	Worship
IUA Conference Reports	/en/article/Joseph_Le_Dain_et_Severin_Desbuisson/Compte_rendu_des_conferences_IUA	Joseph Le Dain et Séverin Desbuisson	Urantia Movement Event
Le Lien Urantien — Issue 8 — Winter 1998	/image/article/Le_Lien/covers/008.jpg	is-issue	--------------------------------------------------------
Le Lien Urantien — Issue 8 — Winter 1998 — Contents	/en/article/Le_Lien/008	---	
The Intelligence of the Heart	/en/article/Jeanmarie_Chaise/Lintelligence_du_coeur	Jeanmarie Chaise	
What is What Happens After Death?	/en/article/Claude_Castel/Que_se_passe_t_il_apres_la_mort	Claude Castel	Life after death
Absolutes and Reality	/en/article/Jean_Claude_Romeuf/Absolus_et_realite	Jean-Claude Romeuf	
1999	---	is-volume	---
Le Lien Urantien — Issue 9 — Spring 1999	/image/article/Le_Lien/covers/009.jpg	is-issue	--------------------------------------------------------
Le Lien Urantien — Issue 9 — Spring 1999 — Contents	/en/article/Le_Lien/009	---	
Cooperation with the Adjuster	/en/article/Guy_Bourhis/Cooperation_avec_lAjusteur	Guy Bourhis	Thought Adjusters
Who Was Jesus?	/en/article/Chris_Ragetly/Qui_etait_Jesus	Chris Ragetly	Jesus
The Three Great Human Experiences	/en/article/Anne_Marie_Ronfet/Les_trois_grandes_experiences_de_letre_humain	Anne-Marie Ronfet	
Trinitization	/en/article/Nicole_Ragetly/La_trinitisation	Nicole Ragetly	
The Seven Circuits of Havona	/en/article/Jeanmarie_Chaise/Les_sept_circuits_de_Havona	Jeanmarie Chaise	Cosmology
Le Lien Urantien — Issue 10 — Summer 1999	/image/article/Le_Lien/covers/010.jpg	is-issue	--------------------------------------------------------
Le Lien Urantien — Issue 10 — Summer 1999 — Contents	/en/article/Le_Lien/010	---	
The Identification Process	/en/article/Henry_Begemann/Le_processus_didentification	Henry Begemann	
The Evolution of Fetishism and Idols “Sacred Books”	/en/article/Raymond_Barilari/Levolution_du_fetichisme_et_idoles_livres_sacres	Raymond Barilari	Religion
Who Was Jesus? (Part 2)	/en/article/Chris_Ragetly/Qui_etait_Jesus_2	Chris Ragetly	Jesus
Reflections on the Jesus Prayer	/en/article/Jeanmarie_Chaise/Reflexions_a_propos_de_la_priere_de_Jesus	Jeanmarie Chaise	Jesus, Prayer
Joseph’s Death and Destiny	/en/article/Claude_Castel/La_mort_de_Joseph_et_le_destin	Claude Castel	Jesus, Jesus life
Le Lien Urantien — Issue 11 — Autumn 1999	/image/article/Le_Lien/covers/011.jpg	is-issue	--------------------------------------------------------
Le Lien Urantien — Issue 11 — Autumn 1999 — Contents	/en/article/Le_Lien/011	---	
The Urantia Book in Africa	/en/article/Georges_Michelson_Dupont/Le_livre_dUrantia_en_Afrique	Georges Michelson-Dupont	Africa
Who Was Jesus? (end)	/en/article/Chris_Ragetly/Qui_etait_Jesus_fin	Chris Ragetly	Jesus
Facts, Meanings, and Values	/en/article/Jean_Claude_Romeuf/Faits_significations_et_valeurs	Jean-Claude Romeuf	
Poem…	/en/article/Jean_Claude_Romeuf/Poeme	Jean-Claude Romeuf	Poetry
Le Lien Urantien — Issue 12 — Winter 1999	/image/article/Le_Lien/covers/012.jpg	is-issue	--------------------------------------------------------
Le Lien Urantien — Issue 12 — Winter 1999 — Contents	/en/article/Le_Lien/012	---	
“About” the Apostle Paul	/en/article/Raymonde_et_Jean_Davier/A_propos_de_lapotre_Paul	Raymonde et Jean Davier	Jesus followers
The Decision Center	/en/article/Dominique_Ronfet/Le_centre_de_decision	Dominique Ronfet	
My Adjuster and I	/en/article/Philippe_DAmore/Mon_Ajusteur_et_moi	Philippe D'Amore	Thought Adjusters
2000	---	is-volume	---
Le Lien Urantien — Issue 13 — Spring 2000	/image/article/Le_Lien/covers/013.jpg	is-issue	--------------------------------------------------------
Le Lien Urantien — Issue 13 — Spring 2000 — Contents	/en/article/Le_Lien/013	---	
A fire	/en/article/Jean_Claude_Romeuf/Un_feu	Jean-Claude Romeuf	Religion
Melchizedek or the 2nd Revelation	/en/article/Jean_Davier/Melchizedek_ou_la_2eme_Revelation	Jean Davier	Machiventa
Does God exist?	/en/article/Jean_Davier/Dieu_existe_t_il	Jean Davier	God
What Would Jesus do ?	/en/article/Jeanmarie_Chaise/What_Would_Jesus_do	Jeanmarie Chaise	Jesus, Jesus teachings
Le Lien Urantien — Issue 14 — Summer 2000	/image/article/Le_Lien/covers/014.jpg	is-issue	--------------------------------------------------------
Le Lien Urantien — Issue 14 — Summer 2000 — Contents	/en/article/Le_Lien/014	---	
Variations around a Center of Gravity	/en/article/Jean_Claude_Romeuf/Variations_autour_dun_Centre_de_Gravite	Jean-Claude Romeuf	
The Dual Nature of Supremacy	/en/article/Linda_Buselli/La_nature_duelle_de_la_Suprematie	Linda Buselli	The Supreme
Reflections on the Jesus Prayer (2)	/en/article/Jeanmarie_Chaise/Reflexions_a_propos_de_la_priere_de_Jesus_2	Jeanmarie Chaise	Jesus, Prayer
The Mystery of the Maries	/en/article/Jean_Royer/Le_mystere_des_Maries	Jean Royer	Jesus, Jesus followers
Le Lien Urantien — Issue 15 — Autumn 2000	/image/article/Le_Lien/covers/015.jpg	is-issue	--------------------------------------------------------
Le Lien Urantien — Issue 15 — Autumn 2000 — Contents	/en/article/Le_Lien/015	---	
The Animal Mind	/en/article/Chris_Ragetly/Le_mental_animal	Chris Ragetly	Mind
A Small, Well-Filled Bottle	/en/article/Christine_Baussain/Petite_bouteille_bien_pleine	Christine Baussain	
Supreme Rant-ings	/en/article/Jean_Claude_Romeuf/Supremes_elucubrations	Jean-Claude Romeuf	The Supreme
International Meeting of 2002 Progress Report No. 3	/en/article/Francois_Le_Rohellec/Rencontre_internationale_de_2002_avancement_3	François Le Rohellec	Urantia Movement Event
Report of the CNP Meeting in New York on August 2, 2000	/en/article/Joseph_Le_Dain/Compte_rendu_de_la_reunion_du_CNP_New_York_2000	Joseph Le Dain	Urantia Movement Event
Le Lien Urantien — Issue 16 — Winter 2000	/image/article/Le_Lien/covers/016.jpg	is-issue	--------------------------------------------------------
Le Lien Urantien — Issue 16 — Winter 2000 — Contents	/en/article/Le_Lien/016	---	
The Facets of Truth	/en/article/Sylvette_Perrier/Les_facettes_de_la_Verite	Sylvette Perrier	Truth
UB Readers' Meeting	/en/article/Jacques_Dupont/Reunion_de_lecteurs_du_LU	Jacques Dupont	Urantia Movement Event
The Contraction of Space-Time	/en/article/Jeanmarie_Chaise/La_contraction_de_lEspace_Temps	Jeanmarie Chaise	Physics
Proposals and Reflections on the 2002 Meeting	/en/article/Jean_Francois_Drouet/Propositions_et_reflexions_sur_la_reunion_de_2002	Jean-François Drouet	Urantia Movement Event
2001	---	is-volume	---
Le Lien Urantien — Issue 17 — Spring 2001	/image/article/Le_Lien/covers/017.jpg	is-issue	--------------------------------------------------------
Le Lien Urantien — Issue 17 — Spring 2001 — Contents	/en/article/Le_Lien/017	---	
Democracy	/en/article/Jean_Royer/La_democratie	Jean Royer	Politics, Government and law
Living Our Father's Will: A Daily Experience	/en/article/Guy_Bourhis/Vivre_la_volonte_de_notre_Pere_une_experience_au_quotidien	Guy Bourhis	Will of God
Good Behavior	/en/article/Sylvette_Perrier/Le_bon_comportement	Sylvette Perrier	
Relaxation Corner: The Mason and the Great Architect	/en/article/Jean_Francois_Drouet/Coin_detente_Le_macon_et_le_grand_architecte	Jean-François Drouet	
Regain	/en/article/Dominique_Ronfet/Regain	Dominique Ronfet	Poetry
The Text of “Treasure” Explained	/en/article/Jean_Claude_Romeuf/Le_texte_du_Tresor_explique	Jean-Claude Romeuf	
To My Immortal Soul	/en/article/Sylvette_Perrier/A_mon_ame_immortelle	Sylvette Perrier	Soul, Poetry
Gazette Section: At the Mother House	/en/article/Christine_Baussain/Rubrique_de_la_Gazette_A_la_maison_mere	Christine Baussain	
The Little Bottle Is Still Filling Up	/en/article/Guy_Bourhis/La_petite_bouteille_se_remplit_encore	Guy Bourhis	
Le Lien Urantien — Issue 18 — Summer 2001	/image/article/Le_Lien/covers/018.jpg	is-issue	--------------------------------------------------------
Le Lien Urantien — Issue 18 — Summer 2001 — Contents	/en/article/Le_Lien/018	---	
Brief reflection on the mind	/en/article/Jean_Royer/Breve_reflexion_sur_le_mental	Jean Royer	Mind
The role of emotions in spiritual research	/en/article/Anne_Marie_Ronfet/Le_role_des_emotions_dans_la_recherche_spirituelle	Anne-Marie Ronfet	
Truth and lies or Facts and falsehood	/en/article/Jean_Royer/Verite_et_mensonge	Jean Royer	Truth
Relaxation corner: Impressions of the future	/en/article/Jean_Davier/Coin_detente_Impressions_davenir	Jean Davier	Poetry
The angel	/en/article/Jean_Claude_Romeuf/L_ange	Jean-Claude Romeuf	
After the meeting of May 2001 at N. D. des Lumiêres	/en/article/Jean_Francois_Drouet/Apres_la_rencontre_de_mai_2001_a_ND_des_Lumieres	Jean-François Drouet	Urantia Movement Event
Le Lien Urantien — Issue 19 — Autumn 2001	/image/article/Le_Lien/covers/019.jpg	is-issue	--------------------------------------------------------
Le Lien Urantien — Issue 19 — Autumn 2001 — Contents	/en/article/Le_Lien/019	---	
Anova (Part One)	/en/article/Jean_Royer/Anova_1	Jean Royer	Future, Epochal Revelation
The Power to Choose	/en/article/Jeanmarie_Chaise/Le_pouvoir_de_choisir	Jeanmarie Chaise	Free Will
The Supreme, God the Sevenfold, Forces, Energies and Universal Control of Power: 100 Questions and Answers (1)	/en/article/Georgia_Gecht/Le_Supreme_Dieu_le_Septuple_Forces_Energies_et_Controle_Universel_de_Pouvoir_1	Georgia Gecht	The Supreme, God
Art and Testimonies	/en/article/Dominique_Ronfet/Art_et_temoignages	Dominique Ronfet	
Relaxation Corner Poem	/en/article/Bernard_Dugas/Coin_detente_Poeme	Bernard Dugas	Poetry
Le Lien Urantien — Issue 20 — Winter 2000	/image/article/Le_Lien/covers/020.jpg	is-issue	--------------------------------------------------------
Le Lien Urantien — Issue 20 — Winter 2000 — Contents	/en/article/Le_Lien/020	---	
Life	/en/article/Jean_Royer/La_Vie	Jean Royer	
Anova (Part Two)	/en/article/Jean_Royer/Anova_2	Jean Royer	Future, Epochal Revelation
There are the Urantian Years and...	/en/article/Andre_Chappuis/Il_y_a_les_annees_urantiennes_et	André Chappuis	Chronology
The Supreme, God the Sevenfold, Forces, Energies and Universal Power Control: 100 Questions and Answers (2)	/en/article/Georgia_Gecht/Le_Supreme_Dieu_le_Septuple_Forces_Energies_et_Controle_Universel_de_Pouvoir_2	Georgia Gecht	The Supreme, God
Art and Testimonies	/en/article/Nicole_Ragetly/Art_et_temoignages	Nicole Ragetly	
2002	---	is-volume	---
Le Lien Urantien — Issue 21 — Spring 2002	/image/article/Le_Lien/covers/021.jpg	is-issue	--------------------------------------------------------
Le Lien Urantien — Issue 21 — Spring 2002 — Contents	/en/article/Le_Lien/021	---	
The Fourth Age	/en/article/Joseph_Servant/Le_Quatrieme_age	Joseph Servant	Epochal Revelations
Joy	/en/article/Jean_Royer/La_Joie	Jean Royer	Joy
Freedom	/en/article/Jean_Claude_Romeuf/Liberte	Jean Claude Romeuf	Free Will
A Glimpse of the General Organization of the Master Universe and Theory of Totality by the Researchers of Uversa	/en/article/Jeanmarie_Chaise/Coup_doeil_sur_lorganisation_generale_du_Maitre	Jeanmarie Chaise	Cosmology, Realities
Should a New Church Be Founded?	/en/article/Yves_Guillot_Goguet/Doit_on_fonder_une_nouvelle_eglise	Yves Guillot-Goguet	Religion, Church, Urantia Movement
Rotation	/en/article/Maia_Neveu/Rotation	Maïa Neveu	Poetry
Full Line from the Most High	/en/article/Michel_Bezier/Trait_plein_du_tres_haut	Michel Bezier	Poetry
Le Lien Urantien — Issue 22 — Summer 2002	/image/article/Le_Lien/covers/022.jpg	is-issue	--------------------------------------------------------
Le Lien Urantien — Issue 22 — Summer 2002 — Contents	/en/article/Le_Lien/022	---	
Reality Synthesis	/en/article/Joseph_Servant/Synthese_de_la_realite	Joseph Servant	Realities
Life Carriers	/en/article/Jean_Royer/Porteurs_de_vie	Jean Royer	Celestial beings
Teamwork	/en/article/Chris_Ragetly/Le_travail_dequipe	Chris Ragetly	Teamwork
Seasons	/en/article/Jean_Claude_Romeuf/Saisons	Jean Claude Romeuf	Poetry
Le Lien Urantien — Issue 23 — Autumn 2002	/image/article/Le_Lien/covers/023.jpg	is-issue	--------------------------------------------------------
Le Lien Urantien — Issue 23 — Autumn 2002 — Contents	/en/article/Le_Lien/023	---	
Missions	/en/article/Jean_de_Pailloussas/Missions	Jean de Pailloussas	Ascendant Career
Does Man Need God to Live? Is It Weakness to Believe in God?	/en/article/Myriam_Delcroix/Lhomme_a_t_il_besoin_de_Dieu_pour_Vivre	Myriam Delcroix	God
The Directors of the Census	/en/article/Jean_Royer/Les_Directeurs_du_Recensement	Jean Royer	Celestial beings
Dalamatia, the City of the Hundreds of Caligastia, Dilmun, the City of the Nodites	/en/article/Jeanmarie_Chaise/Dalamatia_la_cite_des_cents_de_Caligastia	Jeanmarie Chaise	History, History of Urantia, Civilizations past
Retreats	/en/article/Christine_Baussain/Retraites	Christine Baussain	
Poem for Jesus	/en/article/Myriam_Delcroix/Poeme_pour_Jesus	Myriam Delcroix	Poetry
Clarity	/en/article/Jean_Claude_Romeuf/Clarte	Jean-Claude Romeuf	Poetry
August in Dourdan	/en/article/Jeanmarie_Chaise/Aout_a_Dourdan	Jeanmarie Chaise	Urantia Movement Event
Le Lien Urantien — Issue 24 — Winter 2002	/image/article/Le_Lien/covers/024.jpg	is-issue	--------------------------------------------------------
Le Lien Urantien — Issue 24 — Winter 2002 — Contents	/en/article/Le_Lien/024	---	
The Personality	/en/article/Georges_Michelson_Dupont/La_Personnalite	Georges Michelson-Dupont	Personality
If...	/en/article/Jean_Royer/Si	Jean Royer	
The Providence of God	/en/article/Nicole_Ragetly/La_Providence_de_Dieu	Nicole Ragetly	God
Sudden Awakening	/en/article/Dominique_Ronfet/Reveil_soudain	Dominique Ronfet	
2003	---	is-volume	---
Le Lien Urantien — Issue 25 — Spring 2003	/image/article/Le_Lien/covers/025.jpg	is-issue	--------------------------------------------------------
Le Lien Urantien — Issue 25 — Spring 2003 — Contents	/en/article/Le_Lien/025	---	
Approaching some scientific aspects of The Urantia Book	/en/article/John_Lehee/Approche_de_quelques_aspects_scientifiques_du_LU	John Lehee	Science, The Urantia Book, Revelation
Ignorance	/en/article/Jean_Royer/Ignorance	Jean Royer	
Story of a visit	/en/article/Joseph_Le_Dain_et_Severin_Desbuisson/Recit_dune_visite	Joseph Le Dain et Séverin Desbuisson	
Sudden awakening (second part)	/en/article/Dominique_Ronfet/Reveil_soudain_2	Dominique Ronfet	
Words of love	/en/article/Jean_Claude_Romeuf/Mots_damour	Jean-Claude Romeuf	Poetry
Le Lien Urantien — Issue 26 — Summer 2003	/image/article/Le_Lien/covers/026.jpg	is-issue	--------------------------------------------------------
Le Lien Urantien — Issue 26 — Summer 2003 — Contents	/en/article/Le_Lien/026	---	
Material Time — Morontia Time — Spiritual Time - “The Importance of Time According to The Urantia Book”	/en/article/Jeanmarie_Chaise/Le_temps_materiel_morontiel_spirituel_1	Jeanmarie Chaise	Realities
A Little Personal Theory on the Proof of God's Existence	/en/article/Ivan_Stol/Petite_theorie_personnelle_sur_la_preuve_de_lexistence_de_Dieu	Ivan Stol	God
First Meeting. Story of a Visit	/en/article/Anne_et_Thierry_Lepage/Premiere_reunion_Recit_dune_visite	Anne et Thierry Lepage	Urantia Movement Event
“The Will of God”: Elucubration or God, My Best Friend?!	/en/article/Dominique_Neveu/La_volonte_de_Dieu_elucubration	Dominique Neveu	Will of God
Le Lien Urantien — Issue 27 — Autumn 2003	/image/article/Le_Lien/covers/027.jpg	is-issue	--------------------------------------------------------
Le Lien Urantien — Issue 27 — Autumn 2003 — Contents	/en/article/Le_Lien/027	---	
Material Time — Morontia Time — Spiritual Time - “The Importance of Time According to The Urantia Book” (2)	/en/article/Jeanmarie_Chaise/Le_temps_materiel_morontiel_spirituel_2	Jeanmarie Chaise	Realities
The Hidden Version of Part IV of The Urantia Book	/en/article/Jean_Royer/La_version_cachee_de_la_quatrieme_partie_du_Livre_dUrantia	Jean Royer	The Urantia Book
Reincarnation, Truth or Superstition?	/en/article/Myriam_Delcroix/Reincarnation_verite_ou_superstition	Myriam Delcroix	Religion
Doubt and Doubts	/en/article/Jean_Royer/Doute_et_doutes	Jean Royer	
Doubt	/en/article/Jean_Claude_Romeuf/Doute	Jean Claude Romeuf	
August 21, 2003	/en/article/Chris_Ragetly/21_aout_2003	Chris Ragetly	Urantia Movement Event
Le Lien Urantien — Issue 28 — Winter 2003	/image/article/Le_Lien/covers/028.jpg	is-issue	--------------------------------------------------------
Le Lien Urantien — Issue 28 — Winter 2003 — Contents	/en/article/Le_Lien/028	---	
Carolyn Kendall talks about history the Time factor	/en/article/Carolyn_Kendall/Carolyn_Kendall_parle_dhistoire_le_facteur_Temps	Carolyn Kendall	History, Time and eternity
The art of living — according to Jesus and the Urantia Book	/en/article/Hubert_Gallet/Lart_de_vivre_selon_Jesus_et_LU	Hubert Gallet	Jesus, Jesus teachings
The 100 Factor or the 757,575 years that separate us (maybe) from Paradise	/en/article/Robert_Gallo/Le_Facteur_100_ou_757575_ans_separent_du_Paradis	Robert Gallo	Mathematics, The Urantia Book
Humor, laughter and smiles in the Urantia Book	/en/article/Francois_Dupont/Lhumour_le_rire_et_le_sourire_dans_LU	François Dupont	Humor
Report of the Armeau meeting: November 2003	/en/article/Chris_et_Nicole_Ragetly/Compte_rendu_de_la_reunion_dArmeau	Chris et Nicole Ragetly	Urantia Movement Event
Relaxation corner: I am no longer afraid	/en/article/Myriam_Delcroix/Coin_detente_Je_nai_plus_peur	Myriam Delcroix	Poetry
Testimony	/en/article/Michel_Bezier/Temoignage	Michel Bezier	
2004	---	is-volume	---
Le Lien Urantien — Issue 29 — Spring 2004	/image/article/Le_Lien/covers/029.jpg	is-issue	--------------------------------------------------------
Le Lien Urantien — Issue 29 — Spring 2004 — Contents	/en/article/Le_Lien/029	---	
What are “black holes”?	/en/article/Jeanmarie_Chaise/Quest_ce_que_les_trous_noirs	Jeanmarie Chaise	Astronomy
Triptych	/en/article/Jean_Claude_Romeuf/Triptyque	Jean-Claude Romeuf	Truth
Reflections	/en/article/Chris_Ragetly/Reflexions	Chris Ragetly	
Should we juggle with numbers?	/en/article/Jean_Claude_Romeuf/Doit_on_jongler_avec_les_nombres	Jean-Claude Romeuf	
For a friend	/en/article/Chris_Ragetly/Pour_un_ami	Chris Ragetly	Poetry
Other eyes, other skies...	/en/article/Michel_Bezier/Dautres_yeux_dautres_cieux	Michel Bezier	
A life must die	/en/article/Eric_Iannucci/Une_vie_doit_mourir	Éric Iannucci	Poetry
Love dissolves differences...	/en/article/Anne_Marie_Ronfet/Lamour_dissout_les_differences	Anne-Marie Ronfet	Poetry
Le Lien Urantien — Issue 30 — Summer 2004	/image/article/Le_Lien/covers/030.jpg	is-issue	--------------------------------------------------------
Le Lien Urantien — Issue 30 — Summer 2004 — Contents	/en/article/Le_Lien/030	---	
The great challenge	/en/article/Patrick_Beaupre/Le_grand_defi	Patrick Beaupre	
Beauty	/en/article/Jean_Claude_Romeuf/La_beaute	Jean-Claude Romeuf	
From matter to Spirit via the mind	/en/article/Jean_Claude_Romeuf/De_la_matiere_a_lEsprit_en_passant_par_le_mental	Jean-Claude Romeuf	Realities, Mind
Sharing The Urantia Book with young teens.	/en/article/Max_Masotti_et_Johanna_Beukers/Partage_du_LU_avec_de_jeunes_Ados	Max Masotti et Johanna Beukers	Dissemination
Form and Resurrection	/en/article/Jean_Royer/Forme_et_resurrection	Jean Royer	Poetry
Le Lien Urantien — Issue 31 — Autumn 2004	/image/article/Le_Lien/covers/031.jpg	is-issue	--------------------------------------------------------
Le Lien Urantien — Issue 31 — Autumn 2004 — Contents	/en/article/Le_Lien/031	---	
Cosmic Consciousness	/en/article/Jean_Claude_Romeuf/La_Conscience_cosmique	Jean-Claude Romeuf	Cosmic consciousness
Discernment and Free Will	/en/article/Chris_Ragetly/Discernement_et_libre_arbitre	Chris Ragetly	Free Will
Bridges, walkways and rope ladders	/en/article/Christine_Baussain/Ponts_passerelles_et_echelles_de_corde	Christine Baussain	
Nostalgia	/en/article/Patrick_Beaupre/Nostalgie	Patrick Beaupre	
Magic	/en/article/Jean_Claude_Romeuf/Magie	Jean-Claude Romeuf	
Le Lien Urantien — Issue 32 — Winter 2004	/image/article/Le_Lien/covers/032.jpg	is-issue	--------------------------------------------------------
Le Lien Urantien — Issue 32 — Winter 2004 — Contents	/en/article/Le_Lien/032	---	
Becoming What I AM	/en/article/Georges_Michelson_Dupont/Devenir_ce_que_JE_SUIS	Georges Michelson-Dupont	God
Reason and Faith	/en/article/Chris_Ragetly/La_raison_et_la_foi	Chris Ragetly	Faith
Hasty Judgment	/en/article/Jean_Royer/Jugement_hatif	Jean Royer	
Where Metaphysics Totally Fails	/en/article/Jean_Royer/La_ou_la_metaphysique_echoue_totalement	Jean Royer	Metaphysics
Testimony: Diamond Wedding or Smiling Philosophy of Serene Octogenarians	/en/article/Rene_Felix/Temoignage_Noces_de_Diamant	René Felix	
Absence	/en/article/Myriam_Delcroix/Absence	Myriam Delcroix	Poetry
2005	---	is-volume	---
Le Lien Urantien — Issue 33 — Spring 2005	/image/article/Le_Lien/covers/033.jpg	is-issue	--------------------------------------------------------
Le Lien Urantien — Issue 33 — Spring 2005 — Contents	/en/article/Le_Lien/033	---	
Proposal of a reading method	/en/article/Jean_Claude_Romeuf/Proposition_dune_methode_de_lecture	Jean-Claude Romeuf	The Urantia Book
The friend of God	/en/article/Chris_Ragetly/L_ami_de_Dieu	Chris Ragetly	God
The search for God is the search for his three values: truth beauty goodness	/en/article/Anne_Marie_Ronfet/La_recherche_de_Dieu	Anne-Marie Ronfet	God, Truth
Thought	/en/article/Chris_Ragetly/Pensee	Chris Ragetly	
Le Lien Urantien — Issue 34 — Summer 2005	/image/article/Le_Lien/covers/030.jpg	is-issue	--------------------------------------------------------
Le Lien Urantien — Issue 34 — Summer 2005 — Contents	/en/article/Le_Lien/034	---	
Contact	/en/article/Chris_Ragetly/Contact	Chris Ragetly	
Theoretical Explanation of Creation	/en/article/Jean_Claude_Romeuf/Explication_theorique_de_la_creation	Jean-Claude Romeuf	
God the Absolute	/en/article/Jean_Claude_Romeuf/Dieu_l_absolu	Jean-Claude Romeuf	God
Pentecost of the Year 30: Forty or Fifty Days After Easter?	/en/article/Andre_Chappuis/Pentecote_de_l_an_30	André Chappuis	Jesus, Jesus life, Chronology
The Impossible Dialogue with Fundamentalists	/en/article/Jean_Royer/Limpossible_dialogue_avec_des_fondamentalistes	Jean Royer	
Le Lien Urantien — Issue 35 — Autumn/Winter 2005	/image/article/Le_Lien/covers/035.jpg	is-issue	--------------------------------------------------------
Le Lien Urantien — Issue 35 — Autumn/Winter 2005 — Contents	/en/article/Le_Lien/035	---	
Understanding your neighbor	/en/article/Chris_Ragetly/Comprendre_son_prochain	Chris Ragetly	
Science, philosophy, religion and revelation	/en/article/Jean Royer/Science_philosophie_religion_et_revelation	Jean Royer	Science, Philosophy, Religion, Revelation
From matter to spirit via the mind	/en/article/Jean_Claude_Romeuf/De_la_matiere_a_l_esprit_en_passant_par_le_mental	Jean-Claude Romeuf	Mind, Realities
For a friend	/en/article/Chris_Ragetly/Pour_un_ami_2	Chris Ragetly	Poetry
Serenity	/en/article/Octavie_Ramond_Jung/Serenite	Octavie Ramond-Jung	Poetry
2006	---	is-volume	---
Le Lien Urantien — Issue 36 — Spring 2006	/image/article/Le_Lien/covers/036.jpg	is-issue	--------------------------------------------------------
Le Lien Urantien — Issue 36 — Spring 2006 — Contents	/en/article/Le_Lien/036	---	
Spiritual Attraction	/en/article/Chris_Ragetly/Attirance_spirituelle	Chris Ragetly	Spirituality
The Trinity	/en/article/Jean_Royer/La_Trinite	Jean Royer	God
The Urantia Movement	/en/article/Jean_Royer/Le_mouvement_urantien	Jean Royer	Urantia Movement
Spiritual Sovereignty	/en/article/Jean_Claude_Romeuf/Souverainete_spirituelle	Jean-Claude Romeuf	Spirituality
Who Am I? — Where Do We Come From? — Where Are We Going? What Is the Purpose of Life?	/en/article/Samuel_et_Adelaide_Heine/Qui_suis_je_Dou_venons_nous	Samuel et Adélaïde Heine	Purpose
Le Lien Urantien — Issue 37 — Autumn 2006	/image/article/Le_Lien/covers/037.jpg	is-issue	--------------------------------------------------------
Le Lien Urantien — Issue 37 — Autum 2006 — Contents	/en/article/Le_Lien/037	---	
The President's Word	/en/article/Michel_Rouanet/Le_mot_du_President_01	Michel Rouanet	
Knowledge and Truth	/en/article/Chris_Ragetly/Connaissance_et_verite	Chris Ragetly	Truth
Dual Nature	/en/article/Jean_Royer/Double_nature	Jean Royer	Realities
General Semantics and The Urantia Book	/en/article/Jean_Royer/La_semantique_generale_et_LU	Jean Royer	The Urantia Book
“Faith”	/en/article/Samuel_Heine/La_Foi	Samuel Heine	Faith
ME!	/en/article/Jean_Claude_Romeuf/MOI	Jean-Claude Romeuf	
When He Passed By	/en/article/Adolfo_Guzman/Quand_il_passait	Adolfo Guzman	Poetry, Jesus
The Game of “I Find Myself”	/en/article/Dominique_Ronfet/Le_jeu_du_Je_me_retrouve	Dominique Ronfet	Poetry
Report of the Meeting at the Grand Seminary of Lorraine	/en/article/Max_Masotti/Compte_rendu_de_la_reunion_au_Lorraine	Max Masotti	
Le Lien Urantien — Issue 38 — Hiver 2006	/image/article/Le_Lien/covers/038.jpg	is-issue	--------------------------------------------------------
Le Lien Urantien — Issue 38 — Hiver 2006 — Contents	/en/article/Le_Lien/038	---	
The President's Word	/en/article/Michel_Rouanet/Le_mot_du_President_02	Michel Rouanet	
Essays to explain the concept of living truth	/en/article/Francois_Dupont/Essais_dexplication_du_concept_de_la_verite_vivante	François Dupont	Truth
Humans and their double	/en/article/Dominique_Ronfet/Lhumain_et_son_double	Dominique Ronfet	Realities
Worship God? An invitation to travel outside of space-time	/en/article/Michel_Rouanet/Adorer_Dieu_une_invitation_au_voyage	Michel Rouanet	Worship
A Reader's Experience, an experience to draw from	/en/article/Robert_Mondange/Une_Experience_de_lecteur_une_experience_a_tirer	Robert Mondange	
Testimony on the meeting in Armeau	/en/article/Johanna_Beukers/Temoignage_sur_la_rencontre_a_Armeau	Johanna Beukers	Urantia Movement Event
Sharing on spiritual teachings and leaders	/en/article/Samuel_Heine/Partage_sur_les_enseignements_et_dirigeants_spirituels	Samuel Heine	Teaching Methods, Leadership
Report of the Armeau meeting	/en/article/Max_Masotti_et_Johanna_Beukers/Rapport_de_la_reunion_dArmeau	Max Masotti et Johanna Beukers	Urantia Movement Event
2007	---	is-volume	---
Le Lien Urantien — Issue 39 — Summer 2007	/image/article/Le_Lien/covers/039.jpg	is-issue	--------------------------------------------------------
Le Lien Urantien — Issue 39 — Summer 2007 — Contents	/en/article/Le_Lien/039	---	
A Word from the President	/en/article/Michel_Rouanet/Le_mot_du_President_03	Michel Rouanet	
Spiritual Wisdom and Genetic Knowledge	/en/article/Chris_Ragetly/Sagesse_spirituelle_et_connaissance_genetique	Chris Ragetly	Spirituality
Brother Dominique's Corner	/en/article/Dominique_Ronfet/Le_coin_de_Frere_Dominique_01	Dominique Ronfet	
Genese	/en/article/Jean_Claude_Romeuf/Genese	Jean-Claude Romeuf	
The Tulip	/en/article/Jean_Claude_Romeuf/La_Tulipe	Jean-Claude Romeuf	Poetry
The Story of Life	/en/article/Chris_Halvorson/Lhistoire_de_la_vie	Chris Halvorson	Biology, Geology
Memories Memories	/en/article/Le_Lien/Souvenirs_Souvenirs_01	---	
Annual Meeting at Notre Dame des Lumières	/en/article/Johanna_Beukers/Rencontre_annuelle_a_Notre_Dame_des_Lumieres	Johanna Beukers	Urantia Movement Event
Reflections from Georges & Marlene	/en/article/Marlene_et_Georges_Michelson_Dupont/Reflexions_de_Georges_et_Marlene_01	Marlène et Georges Michelson-Dupont	Urantia Movement Event
Le Lien Urantien — Issue 40 — Autumn 2007	/image/article/Le_Lien/covers/040.jpg	is-issue	--------------------------------------------------------
Le Lien Urantien — Issue 40 — Autum 2007 — Contents	/en/article/Le_Lien/040	---	
The President's Word	/en/article/Michel_Rouanet/Le_mot_du_President_04	Michel Rouanet	
The Biological Improvement of Humanity	/en/article/Claude_Castel/Lamelioration_biologique_de_lhumanite	Claude Castel	Eugenics, Race
Some Thoughts and Questions of Me	/en/article/Jean_Claude_Romeuf/Quelques_Reflexions_et_Interrogations_de_Moi	Jean-Claude Romeuf	
After the Death of His Life Companion	/en/article/Jacques_Dupont/Apres_la_mort_de_son_compagnon_de_vie	Jacques Dupont	Life after death
Thank You, My God	/en/article/Samuel_Heine/Merci_mon_Dieu	Samuel Heine	Prayer
Brother Dominique's Corner	/en/article/Dominique_Ronfet/Le_coin_de_Frere_Dominique_02	Dominique Ronfet	
Michael's Birthday of August 21, 2007	/en/article/Max_Masotti/Anniversaire_de_Micael_du_21_aout_2007	Max Masotti	Urantia Movement Event
Little Morontia Bubbles	/en/article/Myriam_Delcroix/Petites_bulles_morontielles	Myriam Delcroix	
Urantia Book Study Group June 1979 — Letter No. 2	/en/article/Emmanuel_Desurvive/Groupe_dEtude_du_LU_Juin_1979_Lettre_2	Emmanuel Desurvive	Unity, Religion
Le Lien Urantien — Issue 41 — Hiver 2007	/image/article/Le_Lien/covers/041.jpg	is-issue	--------------------------------------------------------
Le Lien Urantien — Issue 41 — Hiver 2007 — Contents	/en/article/Le_Lien/041	---	
The President's Word	/en/article/Michel_Rouanet/Le_mot_du_President_05	Michel Rouanet	
Presentation of the Book	/en/article/Alain_Coulombe/Presentation_du_Livre_1	Alain Coulombe	Dissemination
A Little Reflection on the Power of Loving (Part 1)	/en/article/Guy_de_Viron/Petite_reflexion_sur_la_puissance_daimer_1	Guy de Viron	Love and the Golden Rule
Story: The Barn	/en/article/Jean_Claude_Romeuf/Conte_La_Grange	Jean-Claude Romeuf	
AFLLU Autumn Meeting in AIX-LES-BAINS	/en/article/Johanna_Beukers/Rencontre_dautomne_de_lAFLLU_a_AIX_LES_BAINS	Johanna Beukers	Urantia Movement Event
Reflection on Infidelity	/en/article/Claude_Castel/Reflexion_sur_linfidelite	Claude Castel	Family
Trinity of Supremacy	/en/article/Jean_Claude_Romeuf/Trinite_de_Suprematie	Jean-Claude Romeuf	The Supreme, God
Brother Dominique's Corner	/en/article/Dominique_Ronfet/Le_coin_de_Frere_Dominique_03	Dominique Ronfet	
Georges & Marlène's Thoughts	/en/article/Marlene_et_Georges_Michelson_Dupont/Reflexions_de_Georges_et_Marlene_02	Marlène et Georges Michelson-Dupont	
2008	---	is-volume	---
Le Lien Urantien — Issue 42 — Spring 2008	/image/article/Le_Lien/covers/042.jpg	is-issue	--------------------------------------------------------
Le Lien Urantien — Issue 42 — Spring 2008 — Contents	/en/article/Le_Lien/042	---	
The President's Word	/en/article/Michel_Rouanet/Le_mot_du_President_06	Michel Rouanet	
Presentation of the Book	/en/article/Alain_Coulombe/Presentation_du_Livre_2	Alain Coulombe	The Urantia Book
A Little Reflection on the Power of Loving (Part 2)	/en/article/Guy_de_Viron/Petite_reflexion_sur_la_puissance_daimer_2	Guy de Viron	Love and the Golden Rule
The 7 Jubilees	/en/article/Chris_Ragetly/Les_7_jubiles	Chris Ragetly	
The Book and its Sources	/en/article/Jean_Royer/Le_Livre_et_ses_sources	Jean Royer	The Urantia Book, The Urantia Book—Authorship, Source authors
The Winter Wind	/en/article/Jean_Claude_Romeuf/Le_vent_dhiver	Jean-Claude Romeuf	Poetry
The Essentials	/en/article/Samuel_Heine/Lessentiel	Samuel Heine	
Brother Dominique's Corner	/en/article/Dominique_Ronfet/Le_coin_de_Frere_Dominique_04	Dominique Ronfet	
Le Lien Urantien — Issue 43 — Summer 2008	/image/article/Le_Lien/covers/043.jpg	is-issue	--------------------------------------------------------
Le Lien Urantien — Issue 43 — Summer 2008 — Contents	/en/article/Le_Lien/043	---	
Prelude: The President's Word	/en/article/Dominique_Ronfet/Le_Mot_du_President_07	Dominique Ronfet	
Editorial	/en/article/Guy_de_Viron/Edito_01	Guy de Viron	
Le Point: Dinard	/en/article/Ivan_Stol/Le_Point_Dinard	Ivan Stol	
National Meeting from May 22 to May 25	/en/article/Claire_Mylanus/Rencontre_nationale_du_22_mai_au_25_mai	Claire Mylanus	Urantia Movement Event
Study: Agondontarians	/en/article/Chris_Ragetly/Etude_Agondontaires	Chris Ragetly	
On the feeling of existing	/en/article/Anne_Marie_Ronfet/Sur_le_sentiment_dexister	Anne-Marie Ronfet	
Le Lien Urantien — Issue 44 — Autumn 2008	/image/article/Le_Lien/covers/044.jpg	is-issue	--------------------------------------------------------
Le Lien Urantien — Issue 44 — Autum 2008 — Contents	/en/article/Le_Lien/044	---	
The Guest	/en/article/Gaetan_Charland/Linvitee	Gaétan Charland	
Spring: Study of the Future	/en/article/Henry_Begemann/Printemps_etude_du_futur	Henry Begemann	Future
Words of Life	/en/article/Eileen_Caddy/Paroles_de_Vie	Eileen Caddy	Poetry
How Beautiful You Have Made the Earth!	/en/article/Daniel_Courvoisier/Que_belle_vous_avez_fait_la_terre	Daniel Courvoisier	Poetry
Messenger Molecules	/en/article/Yolanda_Silva_Solano/Molecules_messageres	Yolanda Silva Solano	
Le Lien Urantien — Issue 45 — Winter 2008	/image/article/Le_Lien/covers/045.jpg	is-issue	--------------------------------------------------------
Le Lien Urantien — Issue 45 — Winter 2008 — Contents	/en/article/Le_Lien/045	---	
Editorial: It is written!	/en/article/Guy_de_Viron/Edito_Cest_ecrit	Guy de Viron	
Appellations of the Mystery Monitor	/en/article/Chris_Ragetly/Appellations_du_Moniteur_de_Mystere	Chris Ragetly	Thought Adjusters
The guest	/en/article/Olga_Lopez/Linvitee	Olga López	
How big is Paradise	/en/article/William_S_Sadler_Jr/How_big_is_Paradise	William S. Sadler Jr.	Cosmology, Bill Sadler
The Self and the Ego	/en/article/Max_Masotti/Le_Moi_et_lEgo	Max Masotti	
The Parable of the Oyster	/en/article/Max_Masotti/La_Parabole_de_lHuitre	Max Masotti	Poetry
Suresnes 21-23 November 08	/en/article/Guy_de_Viron/Suresnes_21_23_novembre_08	Guy de Viron	Urantia Movement Event
Strands of Life	/en/article/Rene_Haldi/Brins_de_Vie	René Haldi	Poetry
A day in Suresnes	/en/article/Anne_Marie_Ronfet/Une_journee_a_Suresnes	Anne-Marie Ronfet	Urantia Movement Event
Other Sheep	/en/article/Yolanda_Silva_Solano/Autres_Brebis	Yolanda Silva Solano	
In the spiritual life	/en/article/Sundari/Dans_la_vie_spirituelle	Sundari	Spirituality
2009	---	is-volume	---
Le Lien Urantien — Issue 46 — Spring 2009	/image/article/Le_Lien/covers/046.jpg	is-issue	--------------------------------------------------------
Le Lien Urantien — Issue 46 — Spring 2009 — Contents	/en/article/Le_Lien/046	---	
The President's Note	/en/article/Dominique_Ronfet/Le_Billet_du_President_01	Dominique Ronfet	
Guest: Dutch Urantia Association	/en/article/Samantha_Nior/Linvitee_Association_Urantia_Neerlandaise	Samantha Nior	
Levels of Realization	/en/article/Chris_Ragetly/Niveaux_de_realisation	Chris Ragetly	Realities
Personal Growth - Arrival Mansion Worlds	/en/article/William_S_Sadler_Jr/Personal_Growth_Arrival_Mansion_Worlds	William S. Sadler Jr.	Personal growth, Bill Sadler
The Ego and the Self	/en/article/Max_Masotti/L_Ego_et_le_Moi	Max Masotti	
Guten Tag Urantia!	/en/article/Christine_Baussain/Guten_Tag_Urantia	Christine Baussain	
Make Yourself	/en/article/Alain_Degoumois/Fais_toi	Alain Degoumois	Poetry
Blue Eyes	/en/article/Andre_Chappuis/Les_Yeux_Bleus	André Chappuis	Genetics, Biology
Get Your Calculators	/en/article/Jean_Royer/A_vos_Calculettes	Jean Royer	Celestial beings
Self-Healing	/en/article/Johanna_Beukers/Auto_Guerison	Johanna Beukers	
Brother Dominique's Little Corner	/en/article/Dominique_Ronfet/Le_coin_de_Frere_Dominique_05	Dominique Ronfet	
Le Lien Urantien — Issue 47 — Summer 2009	/image/article/Le_Lien/covers/047.jpg	is-issue	--------------------------------------------------------
Le Lien Urantien — Issue 47 — Summer 2009 — Contents	/en/article/Le_Lien/047	---	
The President's Note	/en/article/Dominique_Ronfet/Le_Billet_du_President_02	Dominique Ronfet	
Guest: Chilean Urantia Association	/en/article/Rene_Roman/Linvite_Association_Urantia_Chilienne	René Roman	
Human Philosophy and Mota	/en/article/Chris_Ragetly/Philosophie_humaine_et_mota_1	Chris Ragetly	Philosophy
Meeting of 21.02.09	/en/article/Murielle_Duchene/Rencontre_du_21_02_09	Murielle Duchêne	Urantia Movement Event
Tolerance	/en/article/Max_Masotti/La_Tolerance	Max Masotti	Values
Of the Word	/en/article/Helene_Guisan/Du_Verbe	Hélène Guisan	Poetry
Love	/en/article/Liswen_Delval/Amour	Liswen Delval	Love and the Golden Rule
Having Wheat	/en/article/Jean_Claude_Romeuf/Avoir_du_Ble	Jean-Claude Romeuf	
A Thousand Thanks	/en/article/Robert_Lamock/Mille_mercis	Robert Lamock	
Doing the Father's Will	/en/article/Johanna_Beukers/Faire_la_volonte_du_Pere	Johanna Beukers	Will of God
Brother Dominique's Little Corner	/en/article/Dominique_Ronfet/Le_coin_de_Frere_Dominique_06	Dominique Ronfet	
Le Lien Urantien — Issue 48 — Autumn 2009	/image/article/Le_Lien/covers/048.jpg	is-issue	--------------------------------------------------------
Le Lien Urantien — Issue 48 — Autum 2009 — Contents	/en/article/Le_Lien/048	---	
The Guest: The Extraterrestrial Usain Bolt	/en/article/Guy_de_Viron/LInvite_Lextraterrestre_Usain_Bolt	Guy de Viron	
Human Philosophy and Mota (2)	/en/article/Chris_Ragetly/Philosophie_humaine_et_mota_2	Chris Ragetly	Philosophy
The Osteoclast	/en/article/Jean_Claude_Romeuf/L_osteoclaste	Jean-Claude Romeuf	
Happiness	/en/article/Max_Masotti/Le_bonheur	Max Masotti	Joy
Serenity	/en/article/Helen_Moore_Hopper/La_serenite	Helen Moore Hopper	Values
Love and Respect for Life	/en/article/Samuel_Heine/Amour_et_respect_de_la_vie	Samuel Heine	Love and the Golden Rule
Rodan's Papers	/en/article/William_S_Sadler_Jr/Rodans_Papers	William S. Sadler Jr.	Bill Sadler
The Sailboat	/en/article/Jean_Claude_Romeuf/Le_Voilier	Jean-Claude Romeuf	
When the Wind Blows at Night...	/en/article/Max_Masotti/Quand_le_vent_souffle_la_nuit	Max Masotti	
Brother Dominique's Little Corner	/en/article/Dominique_Ronfet/Le_coin_de_Frere_Dominique_07	Dominique Ronfet	
Le Lien Urantien — Issue 49 — Winter 2009	/image/article/Le_Lien/covers/049.jpg	is-issue	--------------------------------------------------------
Le Lien Urantien — Issue 49 — Winter 2009 — Contents	/en/article/Le_Lien/049	---	
The Living Water of UB	/en/article/Guy_de_Viron/L_Eau_Vive_du_LU	Guy de Viron	The Urantia Book
The President’s Note	/en/article/Dominique_Ronfet/Le_Billet_du_President_03	Dominique Ronfet	
Jean-François and the Seahorse	/en/article/Philippe_Dubath/Jean_Francois_et_l_hippocampe	Philippe Dubath	
National Meeting at Notre Dame de Lumières	/en/article/Johanna_Beukers/Rencontre_nationale_a_Notre_Dame_des_Lumieres	Johanna Beukers	Urantia Movement Event
Indefinite Pronouns	/en/article/Sam_Real_Brousseau/Les_pronoms_indefinis	Sam Real Brousseau	Poetry
Uncertainty and Security	/en/article/Chris_Ragetly/Incertitude_et_securite	Chris Ragetly	
God, the Consumer of Universal Destiny	/en/article/Jean_Claude_Romeuf/Dieu_le_Consommateur_de_la_Destinee_Universelle	Jean-Claude Romeuf	God
The Apostles – The Lion	/en/article/Georges_Donnadieu/Les_Apotres_Le_Lion	Georges Donnadieu	Jesus followers
Our Emotions	/en/article/Marvin_Gawryn/Our_Emotions	Marvin Gawryn	
Gift of Love	/en/article/Joel_Goldsmith/Gift_of_Love	Joël Goldsmith	Love and the Golden Rule
Brother Dominique’s Little Corner	/en/article/Dominique_Ronfet/Le_coin_de_Frere_Dominique_08	Dominique Ronfet	
2010	---	is-volume	---
Le Lien Urantien — Issue 50 — Spring 2010	/image/article/Le_Lien/covers/050.jpg	is-issue	--------------------------------------------------------
Le Lien Urantien — Issue 50 — Spring 2010 — Contents	/en/article/Le_Lien/050	---	
Prayer	/en/article/Guy_de_Viron/La_Priere	Guy de Viron	Prayer
Malek Jân Ne’mati	/en/article/Leili_Anvar/Malek_Jan_Nemati	Leili Anvar	
The “Our Father”	/en/article/Pasteur_Louis_Pernot/Le_Notre_Pere	Pasteur Louis Pernot	Prayer
Maxi Quiz No. 1 Questions	/en/article/Max_Masotti/Quiz_maxien_01_Les_questions	Max Masotti	Questions and answers
Study of Prayers	/en/article/Chris_Ragetly/Study_of_Prayers	Chris Ragetly	Prayer
The Presence of God	/en/article/Swami_Veetamohananda/The_Presence_of_God	Swami Veetamohananda	God
Gift of Love (2)	/en/article/Joel_Goldsmith/Gift_of_Love_2	Joël Goldsmith	Love and the Golden Rule
The Dual Nature	/en/article/Jean_Royer/The_Dual_Nature	Jean Royer	
Maxi Quiz No. 1 Answers	/en/article/Max_Masotti/Quiz_maxien_01_Les_reponses	Max Masotti	Questions and answers
Brother Dom’s Little Corner	/en/article/Dominique_Ronfet/Le_coin_de_Frere_Dominique_09	Dominique Ronfet	
Le Lien Urantien — Issue 51 — Summer 2010	/image/article/Le_Lien/covers/051.jpg	is-issue	--------------------------------------------------------
Le Lien Urantien — Issue 51 — Summer 2010 — Contents	/en/article/Le_Lien/051	---	
Gratitude	/en/article/Guy_de_Viron/Reconnaissance	Guy de Viron	
Bahaism	/en/article/Le_Lien/Le_Bahaisme	---	Bahai
The “Our Father”	/en/article/Pasteur_Louis_Pernot/Le_Notre_Pere_2	Pasteur Louis Pernot	Prayer
Maxi Quiz No. 2 Questions	/en/article/Max_Masotti/Quiz_maxien_02_Les_questions	Max Masotti	Questions and answers
The Philosophy That Saves	/en/article/Chris_Ragetly/La_philosophie_qui_sauve	Chris Ragetly	Philosophy
Jesus’ Attitude Toward Women	/en/article/Francoise_Burniat/L_attitude_de_Jesus_envers_les_femmes	Françoise Burniat	Jesus, Jesus teachings, Gender, Women discrimination
Light, Light!	/en/article/Octavie_Jung/Leger_leger	Octavie Jung	Poetry
Meeting of 06.03.2010	/en/article/Murielle_Duchene/Rencontre_du_06_03_2010	Murielle Duchêne	Urantia Movement Event
Trust	/en/article/Guy_de_Viron/La_confiance	Guy de Viron	Values
Chales	/en/article/Anne_Marie_Ronfet/Chales	Anne-Marie Ronfet	Urantia Movement Event
Hermeticism and Eugenics	/en/article/Jean_Claude_Romeuf/Hermetisme_et_Eugenisme	Jean-Claude Romeuf	Eugenics
Lyrical Pages	/en/article/Christian_Boucher/Pages_Lyriques	Christian Boucher	Poetry
Being right or being happy	/en/article/Tanja_Konnerth/Avoir_raison_ou_etre_heureux	Tanja Konnerth	
Maxi Quiz n°2 The answers	/en/article/Max_Masotti/Quiz_maxien_02_Les_reponses	Max Masotti	Questions and answers
Le Lien Urantien — Issue 52 — Autumn 2010	/image/article/Le_Lien/covers/052.jpg	is-issue	--------------------------------------------------------
Le Lien Urantien — Issue 52 — Autum 2010 — Contents	/en/article/Le_Lien/052	---	
Humor	/en/article/Guy_de_Viron/Humour	Guy de Viron	Humor
Elisabeth Sombart, the pianist of the Angels	/en/article/Patricia_Brambilla/Elisabeth_Sombart_la_pianniste_des_Anges	Patricia Brambilla	Music
Personality	/en/article/Chris_Ragetly/La_personnalite	Chris Ragetly	Personality
Maxi Quiz n°3 The questions	/en/article/Max_Masotti/Quiz_maxien_03_Les_questions	Max Masotti	Questions and answers
Being Young	/en/article/Samuel_Ullman/Etre_Jeune	Samuel Ullman	
Reclosed	/en/article/Georges_Michelson_Dupont/Recloses	Georges Michelson-Dupont	The Urantia Book, The Urantia Book—Authorship
My life in Paradise	/en/article/Elisabeth_Liswen_Delval/Ma_vie_au_Paradis	Elisabeth Liswen Delval	
God's CV	/en/article/Jean_Louis_Fournier/Le_CV_de_Dieu	Jean-Louis Fournier	God
Photos of 21.10.2010 C° Eliane	/en/article/Le_Lien/Photos_du_21_10_2010_C_Eliane	---	Urantia Movement Event
Reincarnation	/en/article/Jean_Royer/La_reincarnation	Jean Royer	Buddhism
My garden	/en/article/Jean_Claude_Romeuf/Mon_jardin	Jean-Claude Romeuf	Poetry
Lyrical Pages	/en/article/Le_Lien/Pages_Lyriques	---	Poetry
Success, instructions for use	/en/article/Pierre_Morency/Reussite_mode_d_emploi	Pierre Morency	
Maxi Quiz n°3 The answers	/en/article/Max_Masotti/Quiz_maxien_03_Les_reponses	Max Masotti	Questions and answers
Brother Dom's Little Corner	/en/article/Dominique_Ronfet/Le_coin_de_Frere_Dominique_10	Dominique Ronfet	
Le Lien Urantien — Issue 53 — Winter 2010	/image/article/Le_Lien/covers/053.jpg	is-issue	--------------------------------------------------------
Le Lien Urantien — Issue 53 — Winter 2010 — Contents	/en/article/Le_Lien/053	---	
United around a BOOK	/en/article/Guy_de_Viron/Unis_autour_dun_LIVRE	Guy de Viron	Unity
Brotherhood according to Theosophy	/en/article/Le_Lien/La_fraternite_selon_la_Teosophie	---	Religion
Are we ambassadors?	/en/article/Chris_Ragetly/Sommes_nous_des_ambassadeurs	Chris Ragetly	
The World of Mansions	/en/article/Lino_Olivetta/Le_Monde_des_Maisons	Lino Olivetta	
Maxi Quiz No. 4 The Questions	/en/article/Max_Masotti/Quiz_maxien_04_Les_questions	Max Masotti	Questions and answers
Prayers	/en/article/Le_Lien/Prieres	---	Prayer
Poetry	/en/article/Octavie_Jung/Poesie	Octavie Jung	Poetry
The 6th Adjutant Mental Spirit	/en/article/Georges_Donnadieu/Le_6eme_esprit_mental_adjuvat	Georges Donnadieu	
Comic Strip	/en/article/Le_Lien/BD_humoristique	---	Humor
Power Directors and Transcendentals	/en/article/Jean_Royer/Directeurs_de_Pouvoir_et_transcendantaux	Jean Royer	Celestial beings
Gliese 581	/en/article/Le_Lien/Gliese_581	---	Astronomy
Belgium 08/21/2010	/en/article/Le_Lien/Belgium_08_21_2010	---	Urantia Movement Event
RANTOWOC	/en/article/Jean_Royer/RANTOWOC	Jean Royer	Poetry
Ganid	/en/article/Jean_Royer/Ganid	Jean Royer	Poetry
Traits of Humor	/en/article/Le_Lien/Traits_dhumour	---	Humor
These Absurd Theories	/en/article/Cecile_Denayrouse/Ces_theories_absurdes	Cécile Denayrouse	Humor
Maxi Quiz No. 4 The Answers	/en/article/Max_Masotti/Quiz_maxien_04_Les_reponses	Max Masotti	Questions and answers
Brother Dom’s Little Corner	/en/article/Dominique_Ronfet/Le_coin_de_Frere_Dominique_11	Dominique Ronfet	
2011	---	is-volume	---
Le Lien Urantien — Issue 54 — Spring 2011	/image/article/Le_Lien/covers/054.jpg	is-issue	--------------------------------------------------------
Le Lien Urantien — Issue 54 — Spring 2011 — Contents	/en/article/Le_Lien/054	---	
The Eternal	/en/article/Guy_de_Viron/L_Eternel	Guy de Viron	
Being Effective	/en/article/Le_Lien/Etre_efficace	---	
The Deity	/en/article/Chris_Ragetly/La_Deite	Chris Ragetly	God
Semi 2	/en/article/Agnes_Lazar/Semi_2	Agnes Lazar	
Maxi Quiz #5 Questions	/en/article/Max_Masotti/Quiz_maxien_05_Les_questions	Max Masotti	Questions and answers
Twilight	/en/article/Jean_Francois_Drouet/Crepusculaire	Jean-François Drouet	
Forgive	/en/article/Jean_Duveau/Pardonner	Jean Duveau	Forgiveness, Poetry
Forgive	/en/article/Octavie_Jung/Pardonner	Octavie Jung	Forgiveness, Poetry
The Praise of Fatigue	/en/article/Robert_Lamoureux/L_eloge_de_la_fatigue	Robert Lamoureux	
On Understanding The Urantia Book	/en/article/Jean_Royer/De_la_comprehension_du_LU	Jean Royer	The Urantia Book
The Resurrection of Ganid	/en/article/Jean_Royer/La_resurrection_de_Ganid	Jean Royer	
Universal Levels of Reality	/en/article/Jean_Claude_Romeuf/Niveaux_Universels_de_Realite	Jean-Claude Romeuf	Realities
The Little Voice	/en/article/Eileen_Caddy/La_Petite_Voix	Eileen Caddy	
Excerpts from The Life of the Masters	/en/article/Le_Lien/Extraits_de_La_Vie_des_Maitres	---	
The Feminine Nature	/en/article/Moussa_Ndiaye/La_Nature_Feminine	Moussa Ndiaye	Gender
Maxi Quiz #5 Answers	/en/article/Max_Masotti/Quiz_maxien_05_Les_reponses	Max Masotti	Questions and answers
Brother Dom’s Little Corner	/en/article/Dominique_Ronfet/Le_coin_de_Frere_Dominique_12	Dominique Ronfet	
Le Lien Urantien — Issue 55 — Summer 2011	/image/article/Le_Lien/covers/055.jpg	is-issue	--------------------------------------------------------
Le Lien Urantien — Issue 55 — Summer 2011 — Contents	/en/article/Le_Lien/055	---	
Paul and the Eternal Feminine	/en/article/Guy_de_Viron/Paul_et_l_Eternel_Feminin	Guy de Viron	Gender
The Heavenly Funerals	/en/article/Guy_de_Viron/Les_Funerailles_Celestes	Guy de Viron	
In the Footsteps of Paul	/en/article/Michel_Hubaut/Sur_les_traces_de_Paul	Michel Hubaut	
Light 05-08 May 2011	/en/article/Johanna_Beukers/Lumiere_05_08_mai_2011	Johanna Beukers	Urantia Movement Event
Maxi Quiz #6 Questions	/en/article/Max_Masotti/Quiz_maxien_06_Les_questions	Max Masotti	Questions and answers
The Immanence of God in Me	/en/article/Agnes_Lazar/L_immanence_de_Dieu_en_moi	Agnès Lazar	God
The Blue Book	/en/article/Guy_Bourhis/Le_Livre_Bleu	Guy Bourhis	The Urantia Book
The WOMAN	/en/article/Octavie_Jung/La_FEMME	Octavie Jung	Gender, Poetry
The Year 1955, The Urantia Book….and the Poet	/en/article/Georges_Donnadieu/L_annee_1955_le_LU_et_le_poete	Georges Donnadieu	The Urantia Book, The Urantia Book—History
Race to the Other Earth	/en/article/Le_Lien/Course_a_l_autre_Terre	---	Astronomy
Light 04-06 May 2011 (01)	/en/article/Le_Lien/Lumiere_04_06_mai_2011_1	---	Urantia Movement Event
And God created woman...	/en/article/Le_Lien/Et_Dieu_crea_la_femme 	---	God, Gender
Theosophical Review	/en/article/Marie_Agnes_Lambert/Revue_Theosophique	Marie-Agnès Lambert	Religion
Maxi Quiz No. 6 The answers	/en/article/Max_Masotti/Quiz_maxien_06_Les_reponses	Max Masotti	Questions and answers
Brother Dom’s Little Corner	/en/article/Dominique_Ronfet/Le_coin_de_Frere_Dominique_13	Dominique Ronfet	
Le Lien Urantien — Issue 56 — Autumn 2011	/image/article/Le_Lien/covers/056.jpg	is-issue	--------------------------------------------------------
Le Lien Urantien — Issue 56 — Autum 2011 — Contents	/en/article/Le_Lien/056	---	
Travel Words	/en/article/Dominique_Ronfet/Mots_de_Voyage	Dominique Ronfet	
Chicago, Paul and the Eternal Feminine	/en/article/Guy_de_Viron/Chicago_Paul_et_l_Eternel_Feminin	Guy de Viron	Gender
The Little Beatitudes	/en/article/Joseph_Folliet/Les_petites_Beatitudes	Joseph Folliet	Jesus teachings
Chicago Symposium 2011	/en/article/Jean_Annet/Symposium_de_Chicago_2011	Jean Annet	Urantia Movement Event
Maxi Quiz No. 7 The questions	/en/article/Max_Masotti/Quiz_maxien_07_Les_questions	Max Masotti	Questions and answers
You have value in my eyes	/en/article/Le_Lien/Vous_avez_de_la_valeur_a_mes_yeux	---	
Ancient Prayers	/en/article/Le_Lien/Prieres_Anciennes	---	Prayer
Interview with God	/en/article/Marc_Benoit/Entretien_avec_Dieu	Marc Benoit	God
A marvelous assembly	/en/article/Marc_Benoit/Une_assemblee_merveilleuse	Marc Benoit	
The hymn to love	/en/article/Michel_Hubaut/L_hymne_a_l_amour	Michel Hubaut	Love and the Golden Rule
The Universe and Nature, a mechanism of laws	/en/article/Claude_Castel/L_Univers_et_la_Nature_un_mecanisme_de_lois	Claude Castel	Cosmology
The Woman	/en/article/Le_Lien/La_Femme	---	Gender, Poetry
Michael’s Birthday	/en/article/Johanna_Beukers_et_Max_Masotti/Anniversaire_de_Micael	Johanna Beukers et Max Masotti	Urantia Movement Event
Absolutely nothing and Me	/en/article/Martin_Buber/Absolument_rien_et_Moi	Martin Buber	
Praise of the woman	/en/article/Le_Lien/Eloge_de_la_femme	---	Gender, Poetry
Jesus and women	/en/article/Albert_Samuel/Jesus_et_les_femmes	Albert Samuel	Jesus, Gender
The return of the goddess	/en/article/Chistine_Baussain/Le_retour_de_la_deesse	Chistine Baussain	
Chicago Symposium 2011 - Photos	/en/article/Le_Lien/Symposium_de_Chicago_2011_Photos	---	Urantia Movement Event
The Tupperware Saga	/en/article/Benedicte_Jourgeaud/La_Saga_Tupperware	Bénédicte Jourgeaud	
Maxi Quiz No. 7 The answers	/en/article/Max_Masotti/Quiz_maxien_07_Les_reponses	Max Masotti	Questions and answers
Caminante, no hay camino	/en/article/Jean_Claude_Romeuf/Caminante_no_hay_camino	Jean-Claude Romeuf	
Le Lien Urantien — Issue 57 — Winter 2011	/image/article/Le_Lien/covers/057.jpg	is-issue	--------------------------------------------------------
Le Lien Urantien — Issue 57 — Winter 2011 — Contents	/en/article/Le_Lien/057	---	
The President’s note	/en/article/Dominique_Ronfet/Le_Billet_du_President_04	Dominique Ronfet	
Paul and the Eternal Feminine (2)	/en/article/Guy_de_Viron/Paul_et_l_Eternel_Feminin_2	Guy de Viron	Gender
Marie	/en/article/Yves_Guillot_Goguet/Marie	Yves Guillot-Goguet	Jesus followers
Maxi Quiz n°8 The questions	/en/article/Max_Masotti/Quiz_maxien_08_Les_questions	Max Masotti	Questions and answers
Exoplanets	/en/article/Anne_Muriel_Brouet/Les_exoplanetes	Anne-Muriel Brouet	Astronomy
The Seven Fundamental Realities (what is given)	/en/article/Meredith_Sprunger/The_Seven_Fundamental_Realities	Meredith J. Sprunger	Realities
Genesis- Zizi - Computer	/en/article/Le_Lien/Genese_Zizi_Ordinateur	---	
The hymn to love (2)	/en/article/Michel_Hubaut/L_hymne_a_l_amour_2	Michel Hubaut	Love and the Golden Rule
The Journey of the Fathers	/en/article/Le_Lien/Le_Voyage_des_Peres	---	
Emergence - Pro Machiventa	/en/article/Jean_Royer/Emergence_Pro_Machiventa	Jean Royer	Machiventa, Poetry
Domaine de Châles	/en/article/Robert_Gallo/Domaine_de_Chales	Robert Gallo	Urantia Movement Event
The Etern-Feminine Wing	/en/article/Anne_Morel/L_Etern_Aile_Feminine	Anne Morel	Gender
The Higgs boson	/en/article/Anne_Muriel_Brouet/Le_boson_de_Higgs	Anne-Muriel Brouet	Physics
The Life of the Masters (extracts)	/en/article/Le_Lien/La_Vie_des_Maitres_extraits	---	
Quiz Maxien n°8 The answers	/en/article/Max_Masotti/Quiz_maxien_08_Les_reponses	Max Masotti	Questions and answers
Little Corner of Brother Dom’	/en/article/Dominique_Ronfet/Le_coin_de_Frere_Dominique_14	Dominique Ronfet	
2012	---	is-volume	---
Le Lien Urantien — Issue 58 — Spring 2012	/image/article/Le_Lien/covers/058.jpg	is-issue	--------------------------------------------------------
Le Lien Urantien — Issue 58 — Spring 2012 — Contents	/en/article/Le_Lien/058	---	
The President's Note: Reunion	/en/article/Dominique_Ronfet/Le_billet_du_President_Retrouvailles	Dominique Ronfet	
Paul and the Eternal Feminine (3)	/en/article/Guy_de_Viron/Paul_et_l_Eternel_Feminin_3	Guy de Viron	Gender
Philosophy Fundamental Concepts	/en/article/Sheila_Keenelund/Philosophie_Concepts_fondamentaux	Sheila Keenelund	Philosophy
Maxien Quiz No. 9 The Questions	/en/article/Max_Masotti/Quiz_maxien_09_Les_questions	Max Masotti	Questions and answers
Artistic Scoop Free Interpretation "Adam-Eve"	/en/article/Le_Lien/Scoop_artistique_Interpretation_libre_Adam_Eve	---	Art
The Seven Fundamental Realities (what is given) Part II	/en/article/Meredith_Sprunger/The_Seven_Fundamental_Realities_2	Meredith J. Sprunger	Realities
I have only you my "Father"	/en/article/Sam_Real_Brousseau/Je_nai_que_vous_mon_Pere	Sam Réal Brousseau	Prayer
Perpetual Calendar	/en/article/Jean_Annet/Calendrier_perpetuel	Jean Annet	
The Sex of Angels	/en/article/Jean_Claude_Romeuf/Le_sexe_des_Anges	Jean-Claude Romeuf	Angels and midwayers, Celestial beings
Celebrating Life	/en/article/Johanna_Beukers/Celebrer_la_vie	Johanna Beukers	
The Impatient	/en/article/Jean_Royer/Les_Impatients	Jean Royer	
Tribute to François Dupont	/en/article/Jean_Annet/Hommage_a_Francois_Dupont	Jean Annet	
My Attitude	/en/article/Le_Lien/Mon_attitude	---	
Everything Comes in Its Time	/en/article/Charles_Roth/Tout_vient_en_son_temps	Charles Roth	
The Prayer of Consent	/en/article/Claire_Mylanus/La_Priere_de_Consentement	Claire Mylanus	Prayer
The First Sentence of The Urantia Book	/en/article/Jean_Royer/La_premiere_phrase_du_LU	Jean Royer	The Urantia Book
Maxien Quiz No. 9 The Answers	/en/article/Max_Masotti/Quiz_maxien_09_Les_reponses	Max Masotti	Questions and answers
Brother Dom's Little Corner	/en/article/Dominique_Ronfet/Le_coin_de_Frere_Dominique_15	Dominique Ronfet	
Le Lien Urantien — Issue 59 — Summer 2012	/image/article/Le_Lien/covers/059.jpg	is-issue	--------------------------------------------------------
Le Lien Urantien — Issue 59 — Summer 2012 — Contents	/en/article/Le_Lien/059	---	
The President's Note: Reunion	/en/article/Ivan_Stol/Le_billet_du_President_Retrouvailles	Ivan Stol	
La Neylière and Psychic Circles	/en/article/Guy_de_Viron/La_Neyliere_et_les_cercles_psychiques	Guy de Viron	
Being Well	/en/article/Patrick_Baumann/Etre_Bien	Patrick Baumann	
Self-Esteem	/en/article/Le_Lien/Estime_de_soi	---	
Maxien Quiz No. 10 The Questions	/en/article/Max_Masotti/Quiz_maxien_10_Les_questions	Max Masotti	Questions and answers
The Seven Fundamental Realities (what is given) Part III	/en/article/Meredith_Sprunger/The_Seven_Fundamental_Realities_3	Meredith J. Sprunger	Realities
Selected Excerpts	/en/article/Le_Lien/Morceaux_choisis	---	
La Neylière 2012	/en/article/Ivan_Stol/La_Neyliere_2012	Ivan Stol	Urantia Movement Event
Trust	/en/article/Richard_Dulask/La_Confiance	Richard Dulask	Values
The Breath of God	/en/article/Le_Lien/Le_Souffle_de_Dieu	---	Poetry, 
Self-esteem I	/en/article/Rosette_Poletti_and_Barbara_Dobbs/L_estime_de_soi_1	Rosette Poletti et Barbara Dobbs	
Empathy and Leadership	/en/article/Dominique_Ronfet/Empathie_et_Leadership	Dominique Ronfet	Leadership
Quiz Maxien n°10 The answers	/en/article/Max_Masotti/Quiz_maxien_10_Les_reponses	Max Masotti	Questions and answers
Brother Dom's Little Corner	/en/article/Dominique_Ronfet/Le_coin_de_Frere_Dominique_16	Dominique Ronfet	
Le Lien Urantien — Issue 60 — Autumn 2012	/image/article/Le_Lien/covers/060.jpg	is-issue	--------------------------------------------------------
Le Lien Urantien — Issue 60 — Autum 2012 — Contents	/en/article/Le_Lien/060	---	
The President’s note: Re	/en/article/Ivan_Stol/Le_billet_du_President_Re	Ivan Stol	
Artisans of Peace	/en/article/Guy_de_Viron/Artisans_de_Paix	Guy de Viron	Peace
Suicide	/en/article/Chris_Ragetly/Le_suicide	Chris Ragetly	
Peace Initiatives	/en/article/Le_Lien/Initiatives_de_Paix	---	Peace
Quiz Maxien n°11 The questions	/en/article/Max_Masotti/Quiz_maxien_11_Les_questions	Max Masotti	Questions and answers
The Seven Fundamental Realities part IV	/en/article/Meredith_Sprunger/The_Seven_Fundamental_Realities_4	Meredith J. Sprunger	Realities
Saint Philippe Néri	/en/article/Benjamin_Boisson/Saint_Philippe_Neri	Benjamin Boisson	
An evening at the Neylière	/en/article/Georges_Donnadieu/Une_soiree_a_la_Neyliere	Georges Donnadieu	Urantia Movement Event
The art of blessing	/en/article/Le_Lien/L_art_de_benir	---	
Some passages from LU	/en/article/Chris_Ragetly/Quelques_passages_du_LU	Chris Ragetly	
In the footsteps of Jesus (fiction)	/en/article/Georges_Donnadieu/Sur_les_pas_de_Jesus_fiction	Georges Donnadieu	Jesus
Self-esteem II	/en/article/Rosette_Poletti_and_Barbara_Dobbs/L_estime_de_soi_2	Rosette Poletti et Barbara Dobbs	
Belgian meeting August 19, 2012	/en/article/Jean_Annet/Reunion_belge_19_aout_2012	Jean Annet	Urantia Movement Event
History	/en/article/Le_Lien/Histoire	---	
Quiz Maxien n°11 The answers	/en/article/Max_Masotti/Quiz_maxien_11_Les_reponses	Max Masotti	Questions and answers
Brother Dom's Little Corner	/en/article/Dominique_Ronfet/Le_coin_de_Frere_Dominique_17	Dominique Ronfet	
Le Lien Urantien — Issue 61 — Winter 2012	/image/article/Le_Lien/covers/061.jpg	is-issue	--------------------------------------------------------
Le Lien Urantien — Issue 61 — Winter 2012 — Contents	/en/article/Le_Lien/061	---	
The President’s note: Rapprochement	/en/article/Ivan_Stol/Le_billet_du_President_Rapprochement	Ivan Stol	
Knowledge and Consciousness!	/en/article/Guy_de_Viron/Savoir_et_Conscience	Guy de Viron	
Free Will	/en/article/Chris_Ragetly/Le_Libre_Arbitre	Chris Ragetly	Free Will
When I Can Say...	/en/article/Lucienne_Leker/Quand_je_pourrai_dire	Lucienne Leker	
Quiz Maxien n°12 The Questions	/en/article/Max_Masotti/Quiz_maxien_12_Les_questions	Max Masotti	Questions and answers
The Seven Fundamental Realities Part V	/en/article/Meredith_Sprunger/The_Seven_Fundamental_Realities_5	Meredith J. Sprunger	Realities
Puns on Christianity	/en/article/Benjamin_Boisson/Jeux_de_mots_sur_le_Christianisme	Benjamin Boisson	
The Day When	/en/article/Le_Lien/Le_Jour_Ou	---	
Conscience	/en/article/Jeanne_Siaud_Facchin/La_Conscience	Jeanne Siaud-Facchin	
Quiz Maxien n°11 The Answers 8 to 18 (updated)	/en/article/Max_Masotti/Quiz_maxien_11_Les_reponses_remise	Max Masotti	Questions and answers
I Would Like to Dress Myself in God	/en/article/Jean_Debruyne/Je_voudrais_mhabiller_de_Dieu	Jean Debruyne	
Self-Esteem III	/en/article/Rosette_Poletti_and_Barbara_Dobbs/L_estime_de_soi_3	Rosette Poletti et Barbara Dobbs	
To Ask for Good Humor	/en/article/Le_Lien/Pour_demander_la_bonne_humeur	---	Humor
Quiz Maxien n°12 The Answers	/en/article/Max_Masotti/Quiz_maxien_12_Les_reponses	Max Masotti	Questions and answers
Brother Dom’s Little Corner	/en/article/Dominique_Ronfet/Le_coin_de_Frere_Dominique_18	Dominique Ronfet	
2013	---	is-volume	---
Le Lien Urantien — Issue 62 — Spring 2013	/image/article/Le_Lien/covers/062.jpg	is-issue	--------------------------------------------------------
Le Lien Urantien — Issue 62 — Spring 2013 — Contents	/en/article/Le_Lien/062	---	
The President's Note: Our Meeting Groups	/en/article/Ivan_Stol/Le_billet_du_President_Nos_groupes_de_rencontre	Ivan Stol	
Love, Gratitude and Light	/en/article/Guy_de_Viron/Amour_Gratitude_et_Lumiere	Guy de Viron	Love and the Golden Rule
On Love I	/en/article/Le_Lien/Sur_l_Amour_1	---	Love and the Golden Rule
The Sower	/en/article/Suzanne_Lebesnerais/Le_Semeur	Suzanne Lebesnerais	Poetry
Maxian Quiz No. 13 The Questions	/en/article/Max_Masotti/Quiz_maxien_13_Les_questions	Max Masotti	Questions and answers
The Seven Fundamental Realities VI	/en/article/Meredith_Sprunger/The_Seven_Fundamental_Realities_6	Meredith J. Sprunger	Realities
Jesus' Report Card	/en/article/Georges_Donnadieu/Bulletin_de_notes_de_Jesus	Georges Donnadieu	Jesus, Humor
In the Light	/en/article/Anatole_France/A_la_lumiere	Anatole France	Poetry
The Agondontarians	/en/article/Jean_Claude_Romeuf/Les_Agondontaires	Jean-Claude Romeuf	
Love: The Heart of God	/en/article/Le_Lien/Amour_Le_Coeur_De_Dieu	---	Love and the Golden Rule
Pontius Pilate	/en/article/Georges_Donnadieu/Ponce_Pilate	Georges Donnadieu	Jesus times
GRATITUDE	/en/article/Le_Lien/LA_GRATITUDE	---	Prayer
Morning Prayer	/en/article/Le_Lien/Priere_du_Matin	---	Prayer
Our Christian Civilization is in Danger	/en/article/Andre_Chappuis/Notre_civilisation_chretienne_est_en_danger	André Chappuis	Christianity, Future
Maxian Quiz No. 13 The Answers	/en/article/Max_Masotti/Quiz_maxien_13_Les_reponses	Max Masotti	Questions and answers
Brother Dom's Little Corner: The Part of the Dream	/en/article/Dominique_Ronfet/Le_coin_de_Frere_Dominique_19	Dominique Ronfet	
Le Lien Urantien — Issue 63 — Summer 2013	/image/article/Le_Lien/covers/063.jpg	is-issue	--------------------------------------------------------
Le Lien Urantien — Issue 63 — Summer 2013 — Contents	/en/article/Le_Lien/063	---	
Abundance of Articles	/en/article/Guy_de_Viron/Abondance_d_articles	Guy de Viron	
On Love II	/en/article/Le_Lien/Sur_l_Amour_2	---	Love and the Golden Rule
God gives the Adjuster	/en/article/Guy_Bourhis/Dieu_donne_l_Ajusteur	Guy Bourhis	
Maxian Quiz No. 14 The Questions	/en/article/Max_Masotti/Quiz_maxien_14_Les_questions	Max Masotti	Questions and answers
The Seven Fundamental Realities VII	/en/article/Meredith_Sprunger/The_Seven_Fundamental_Realities_7	Meredith J. Sprunger	Realities
Pontius Pilate (Part 2)	/en/article/Georges_Donnadieu/Ponce_Pilate_2eme_volet	Georges Donnadieu	Jesus times
Being Born of Spirit	/en/article/Ivan_Stol/Naitre_d_esprit	Ivan Stol	
The Reality of Personality	/en/article/Karuna_Leys/La_Realite_de_la_Personnalite_1	Karuna Leys	Personality
Causes, Effects	/en/article/Simon_Orsini/Les_causes_les_effets_1	Simon Orsini	
Deity - Divinity	/en/article/Ivan_Stol/Deite_Divinite	Ivan Stol	God
Rules for Being Human	/en/article/Le_Lien/Regles_pour_etre_humain	---	
Gay Marriage	/en/article/Jean_Claude_Romeuf/Mariage_Gay	Jean-Claude Romeuf	LGBT
Maxian Quiz No. 14 The Answers	/en/article/Max_Masotti/Quiz_maxien_14_Les_reponses	Max Masotti	Questions and answers
Brother Dom's Little Corner Dom’ One Word!	/en/article/Dominique_Ronfet/Le_coin_de_Frere_Dominique_20	Dominique Ronfet	
Le Lien Urantien — Issue 64 — Autumn 2013	/image/article/Le_Lien/covers/064.jpg	is-issue	--------------------------------------------------------
Le Lien Urantien — Issue 64 — Autum 2013 — Contents	/en/article/Le_Lien/064	---	
The President’s Note Salon	/en/article/Ivan_Stol/Le_billet_du_President_Salon	Ivan Stol	
Love, Gratitude and Light	/en/article/Guy_de_Viron/Amour_Gratitude_et_Lumiere_2	Guy de Viron	Love and the Golden Rule
On Love III	/en/article/Le_Lien/Sur_l_Amour_3	---	Love and the Golden Rule
Quiz Maxien n°15 The questions	/en/article/Max_Masotti/Quiz_maxien_15_Les_questions	Max Masotti	Questions and answers
The Seven Fundamental Realities VII	/en/article/Meredith_Sprunger/The_Seven_Fundamental_Realities_7b	Meredith J. Sprunger	Realities
The Reality of Personality II	/en/article/Karuna_Leys/La_Realite_de_la_Personnalite_2	Karuna Leys	Personality
Awakened to the fullness of life	/en/article/Chaz_Wesley/Eveille_a_la_plenitude_de_la_vie	Chaz Wesley	
The causes, the effects II	/en/article/Simon_Orsini/Les_causes_les_effets_2	Simon Orsini	
The fairy	/en/article/Jean_Claude_Romeuf/La_fee	Jean-Claude Romeuf	
Quiz Maxien n°15 The answers	/en/article/Max_Masotti/Quiz_maxien_15_Les_reponses	Max Masotti	Questions and answers
Brother Dom’s Little Corner The Truth	/en/article/Dominique_Ronfet/Le_coin_de_Frere_Dominique_21	Dominique Ronfet	
Le Lien Urantien — Issue 65 — Winter 2013	/image/article/Le_Lien/covers/065.jpg	is-issue	--------------------------------------------------------
Le Lien Urantien — Issue 65 — Winter 2013 — Contents	/en/article/Le_Lien/065	---	
The President’s Note Lumière	/en/article/Ivan_Stol/Le_billet_du_President_Lumiere	Ivan Stol	
Love, again and again	/en/article/Guy_de_Viron/Amour_encore_et_toujours	Guy de Viron	Love and the Golden Rule
On Love IV	/en/article/Le_Lien/Sur_l_Amour_4	---	Love and the Golden Rule
Quiz Maxien n°16 The questions	/en/article/Max_Masotti/Quiz_maxien_16_Les_questions	Max Masotti	Questions and answers
The Seven Fundamental Realities VIII	/en/article/Meredith_Sprunger/The_Seven_Fundamental_Realities_8	Meredith J. Sprunger	Realities
The Power of Love	/en/article/Le_Lien/La_Puissance_de_l_Amour	---	Love and the Golden Rule
Life	/en/article/Le_Lien/La_Vie	---	
The Lotus Temple	/en/article/Le_Lien/Le_Temple_du_Lotus	---	Religion
War Doctor	/en/article/Le_Lien/Medecin_de_guerre	---	
The causes, the effects III	/en/article/Simon_Orsini/Les_causes_les_effets_3	Simon Orsini	
Death does not exist	/en/article/Le_Lien/La_mort_n_existe_pas	---	Life after death
Quiz Maxien n°16 The answers	/en/article/Max_Masotti/Quiz_maxien_16_Les_reponses	Max Masotti	Questions and answers
Brother Dom’s Little Corner Reading	/en/article/Dominique_Ronfet/Le_coin_de_Frere_Dominique_22	Dominique Ronfet	
2014	---	is-volume	---
Le Lien Urantien — Issue 66 — Spring 2014	/image/article/Le_Lien/covers/066.jpg	is-issue	--------------------------------------------------------
Le Lien Urantien — Issue 66 — Spring 2014 — Contents	/en/article/Le_Lien/066	---	
The President's note General Appeal	/en/article/Ivan_Stol/Le_billet_du_President_Appel_General	Ivan Stol	
Traffic jam	/en/article/Guy_de_Viron/Embouteillage	Guy de Viron	
On Love V	/en/article/Le_Lien/Sur_l_Amour_5	---	Love and the Golden Rule
Quiz Maxien n°17 ​​The questions	/en/article/Max_Masotti/Quiz_maxien_17_Les_questions	Max Masotti	Questions and answers
The Seven Fundamental Realities IX	/en/article/Meredith_Sprunger/The_Seven_Fundamental_Realities_9	Meredith J. Sprunger	Realities
Wise words (Khalil Gibran)	/en/article/Le_Lien/Paroles_sages_Khalil_Gibran	---	
The LU and science	/en/article/Jean_Royer/Le_LU_et_la_science	Jean Royer	The Urantia Book, Science
The Project of Life	/en/article/Jean_Armand_Hourtal/Le_Projet_de_Vie	Jean-Armand Hourtal	
The Olympic Values	/en/article/Jacques_Rogge/Les_Valeurs_Olympiques	Jacques Rogge	
The causes, the effects IV	/en/article/Simon_Orsini/Les_causes_les_effets_4	Simon Orsini	
Quiz Maxien n°17 ​​The answers	/en/article/Max_Masotti/Quiz_maxien_17_Les_reponses	Max Masotti	Questions and answers
Brother Dom's Little Corner The Question!	/en/article/Dominique_Ronfet/Le_coin_de_Frere_Dominique_23	Dominique Ronfet	
Le Lien Urantien — Issue 67 — Summer 2014	/image/article/Le_Lien/covers/067.jpg	is-issue	--------------------------------------------------------
Le Lien Urantien — Issue 67 — Summer 2014 — Contents	/en/article/Le_Lien/067	---	
The President's note General Appeal	/en/article/Ivan_Stol/Le_billet_du_President_Appel_General_2	Ivan Stol	
Editorial	/en/article/Guy_de_Viron/Edito	Guy de Viron	
Another vision of the universe	/en/article/Simon_Orsini/Une_autre_vision_de_l_univers	Simon Orsini	Cosmology
Hindu philosophy Principles	/en/article/Le_Lien/Philosophie_hindoue_Principes	---	Hinduism
Quiz Maxien n°18 The questions	/en/article/Max_Masotti/Quiz_maxien_18_Les_questions	Max Masotti	Questions and answers
The Seven Fundamental Realities X	/en/article/Meredith_Sprunger/The_Seven_Fundamental_Realities_10	Meredith J. Sprunger	Realities
The Deity	/en/article/Chris_Ragetly/La_Deite_2	Chris Ragetly	God
Serenity	/en/article/Helen_Moore_Hopper/La_Serenite_2	Helen Moore Hopper	Values
Buddhist philosophy Mindfulness	/en/article/Le_Lien/Philosophie_bouddhiste_La_pleine_conscience	---	Buddhism
The consecration of choice	/en/article/Chris_Ragetly/La_consecration_du_choix	Chris Ragetly	Free Will
Small philosophical survival kit (Alexandra Ahouandjinou)	/en/article/Le_Lien/Petit_kit_philosophique_de_survie	---	
In You	/en/article/Le_Lien/En_Toi	---	
The causes, the effects V	/en/article/Simon_Orsini/Les_causes_les_effets_5	Simon Orsini	
Quiz Maxien n°18 The answers	/en/article/Max_Masotti/Quiz_maxien_18_Les_reponses	Max Masotti	Questions and answers
Brother Dom's Little Corner The Question!	/en/article/Dominique_Ronfet/Le_coin_de_Frere_Dominique_24	Dominique Ronfet	
Le Lien Urantien — Issue 68 — Autumn 2014	/image/article/Le_Lien/covers/068.jpg	is-issue	--------------------------------------------------------
Le Lien Urantien — Issue 68 — Autum 2014 — Contents	/en/article/Le_Lien/068	---	
The President's Note Summary Jura meeting	/en/article/Ivan_Stol/Le_billet_du_President_Resume_rencontre_jura	Ivan Stol	
Editorial	/en/article/Guy_de_Viron/Edito_2	Guy de Viron	
Resurrections of mortals after physical death	/en/article/Chris_Ragetly/Resurrections_des_mortels_apres_la_mort_physique	Chris Ragetly	Life after death
Quiz Maxien n°19 The questions	/en/article/Max_Masotti/Quiz_maxien_19_Les_questions	Max Masotti	Questions and answers
The Seven Fundamental Realities XI	/en/article/Meredith_Sprunger/The_Seven_Fundamental_Realities_11	Meredith J. Sprunger	Realities
The New Jerusalem	/en/article/Joel_Goldsmith/La_nouvelle_Jerusalem	Joël S. Goldsmith	Judaism
On the revised translation	/en/article/Jean_Royer/De_la_traduction_revisee	Jean Royer	The Urantia Book
Prayer	/en/article/Le_Lien/Priere	---	Prayer
On freedom and the mode of evolution of civilization	/en/article/Jean_Royer/De_la_liberte_et_du_mode_d_evolution_de_la_civilisation	Jean Royer	Civilization & Society
Mandela, Gandhi, M.L. King... And Jesus?	/en/article/Michel_Benoit/Mandela_Gandhi_King_Et_Jesus	Michel Benoît	Jesus
Quiz Maxien n°19 The answers	/en/article/Max_Masotti/Quiz_maxien_19_Les_reponses	Max Masotti	Questions and answers
Brother Dom's Little Corner Enjoyment!	/en/article/Dominique_Ronfet/Le_coin_de_Frere_Dominique_25	Dominique Ronfet	
Le Lien Urantien — Issue 69 — Winter 2014	/image/article/Le_Lien/covers/069.jpg	is-issue	--------------------------------------------------------
Le Lien Urantien — Issue 69 — Winter 2014 — Contents	/en/article/Le_Lien/069	---	
The President's Note All my best wishes	/en/article/Ivan_Stol/Le_billet_du_President_Tous_mes_voeux	Ivan Stol	
To God!	/en/article/Guy_de_Viron/A_Dieu	Guy de Viron	
Quiz Maxien n°20 The questions	/en/article/Max_Masotti/Quiz_maxien_20_Les_questions	Max Masotti	Questions and answers
The Urantia Book in Study Groups	/en/article/Georges_Michelson_Dupont/Le_LU_dans_les_Groupes_d_Etude	Georges Michelson-Dupont	Study Groups
Map of consciousness	/en/article/Le_Lien/Carte_de_la_conscience	---	Art
The Hummingbird Movement	/en/article/Le_Lien/Le_Mouvement_Colibris	---	
The Shamengo team	/en/article/Le_Lien/L_equipe_Shamengo	---	
Quiz Maxien n°20 The answers	/en/article/Max_Masotti/Quiz_maxien_20_Les_reponses	Max Masotti	Questions and answers
Brother Dom's Little Corner The latest one!	/en/article/Dominique_Ronfet/Le_coin_de_Frere_Dominique_26	Dominique Ronfet	
2015	---	is-volume	---
Le Lien Urantien — Issue 70 — Spring 2015	/image/article/Le_Lien/covers/070.jpg	is-issue	--------------------------------------------------------
Le Lien Urantien — Issue 70 — Spring 2015 — Contents	/en/article/Le_Lien/070	---	
The President's Word	/en/article/Ivan_Stol/Le_mot_du_president_01	Ivan Stol	
MAXIEN Quiz #21 and Last — Questions	/en/article/Max_Masotti/Quiz_maxien_21_Les_questions	Max Masotti	Questions and answers
Thoughts on the Art of Merging	/en/article/Le_Lien/Reflexions_sur_l_art_de_fusionner	---	
Quiz #21 — Answers	/en/article/Max_Masotti/Quiz_maxien_21_Les_reponses	Max Masotti	Questions and answers
Le Lien Urantien — Issue 71 — Autumn 2015	/image/article/Le_Lien/covers/071.jpg	is-issue	--------------------------------------------------------
Le Lien Urantien — Issue 71 — Autum 2015 — Contents	/en/article/Le_Lien/071	---	
Editorial	/en/article/Georges_Michelson_Dupont/Editorial_01	Georges Michelson-Dupont	
Editorial Charter of the Link	/en/article/Le_Lien/Charte_editoriale_du_Lien	---	
Neylière Meeting	/en/article/Le_Lien/Reunion_de_Neyliere	---	Urantia Movement Event
Extraordinary General Assembly	/en/article/Le_Lien/Assemblee_Generale_Extraordinaire	---	Urantia Movement Event
The Unconscious and the Superconscious	/en/article/Cris_Ragetly/L_inconscient_et_Le_Superconscient	Cris Ragetly	
Interactive Study Group	/en/article/Le_Lien/Groupe_d_etude_interactif_1	---	Study Groups
Publications on the Urantia Book	/en/article/Le_Lien/Publications_autour_du_LU	---	Study Aid
Le Lien Urantien — Issue 72 — Winter 2015	/image/article/Le_Lien/covers/072.jpg	is-issue	--------------------------------------------------------
Le Lien Urantien — Issue 72 — Winter 2015 — Contents	/en/article/Le_Lien/072	---	
Editorial	/en/article/Ivan_Stol/Editorial_01	Ivan Stol	
Already 60 Years	/en/article/Georges_Michelson_Dupont/Deja_60_ans	Georges Michelson-Dupont	
Bill Sadler's Study on Synthesis and Functional Coordination	/en/article/Patrick_Morelli/Etude_de_Bill_Sadler_sur_la_synthese	Patrick Morelli	Bill Sadler
International Meeting of Quebec	/en/article/Ivan_Stol/Rencontre_Internationale_du_Quebec	Ivan Stol	Urantia Movement Event
Consciousness — Self-Consciousness & God-Consciousness	/en/article/Georges_Michelson_Dupont/Conscience_de_soi_Conscience_de_Dieu	Georges Michelson-Dupont	
Visit to Italy	/en/article/Georges_Michelson_Dupont/Visite_en_Italie	Georges Michelson-Dupont	Urantia Movement Event
Interactive Study Group: Second Series	/en/article/Georges_Michelson_Dupont/Groupe_d_etude_interactif_2	Georges Michelson-Dupont	Study Groups
2016	---	is-volume	---
Le Lien Urantien — Issue 73 — Mars 2016	/image/article/Le_Lien/covers/073.jpg	is-issue	--------------------------------------------------------
Le Lien Urantien — Issue 73 — Mars 2016 — Contents	/en/article/Le_Lien/073	---	
Editorial	/en/article/Ivan_Stol/Editorial_02	Ivan Stol	
Following the Personality-Power Phenomenon	/en/article/Patrick_Morelli/Suite_au_phenomene_Personnalite_Pouvoir	Patrick Morelli	Personality
The Circuits of the Adjutant Mental Spirits	/en/article/Robert_Gallo/Les_circuits_des_esprits_mentaux_adjuvats	Robert Gallo	Adjutant mind spirits
Pierrot	/en/article/Jean_Claude_Romeuf/Pierrot	Jean-Claude Romeuf	
History of the French-speaking Movement in Europe	/en/article/Ivan_Stol/Histoire_du_mouvement_francophone_d_Europe	Ivan Stol	Urantia Movement
Role of Personality in Our Earthly Experience	/en/article/Le_Lien/Role_de_la_personnalite_dans_notre_experience_terrestre	---	Personality
Lumen	/en/article/Bernard_Dugas/Lumen	Bernard Dugas	Poetry
European Conference in Budapest	/en/article/Le_Lien/Conference_Europeenne_de_Budapest	---	Urantia Movement Event
Interactive Study Group: Third Series	/en/article/Georges_Michelson_Dupont/Groupe_d_etude_interactif_3	Georges Michelson-Dupont	Study Groups
About the UBIS School	/en/article/Le_Lien/A_propos_de_l_ecole_UBIS	---	UBIS
UBIS School Courses for the April Quarter	/en/article/Le_Lien/Cours_de_UBIS_pour_le_trimestre_d_avril	---	UBIS
Le Lien Urantien — Issue 74 — Juin 2016	/image/article/Le_Lien/covers/074.jpg	is-issue	--------------------------------------------------------
Le Lien Urantien — Issue 74 — Juin 2016 — Contents	/en/article/Le_Lien/074	---	
Editorial	/en/article/Ivan_Stol/Editorial_03	Ivan Stol	
Effectively Revealing the Truth	/en/article/Jeffrey_Wattles/Reveler_Effectivement_La_Verite	Jeffrey Wattles	Truth
Day and Period	/en/article/Philip_Calabrese_and_Jean_Royer/Jour_et_Periode	Philip Calabrese and Jean Royer	Angels and midwayers, Life after death
Another Vision of the Universe	/en/article/Simon_Orsini/Une_autre_vision_de_l_univers_2	Simon Orsini	Cosmology
Friendship	/en/article/Cyril_Cosette/L_amitie	Cyril Cosette	Friendship with God
The Translation of The Urantia Book: State of Play	/en/article/Georges_Michelson_Dupont/La_traduction_de_TUB_Etat_Des_Lieux	Georges Michelson-Dupont	The Urantia Book, Urantia Foundation
The Diffusion of the Urantia Book in the World Projection 2015-2100	/en/article/Georges_Michelson_Dupont/La_Diffusion_du_LU_Projection_2015_2100	Georges Michelson-Dupont	Dissemination
Interactive Study Group	/en/article/Georges_Michelson_Dupont/Groupe_d_etude_interactif_4	Georges Michelson-Dupont	Study Groups
Italo-Franco-Swiss Congress	/en/article/Danielle_La_Scala/Congres_Italo_Franco_Suisse	Danielle La Scala	Urantia Movement Event
Le Lien Urantien — Issue 75 — Septembre 2016	/image/article/Le_Lien/covers/075.jpg	is-issue	--------------------------------------------------------
Le Lien Urantien — Issue 75 — Septembre 2016 — Contents	/en/article/Le_Lien/075	---	
Editorial	/en/article/Ivan_Stol/Editorial_04	Ivan Stol	
Should We Be Afraid of Islam?	/en/article/Moustapha_NDiaye/Faut_Il_Avoir_Peur_de_L_islam	Moustapha NDiaye	Islam
Brief Reflections on Time	/en/article/Jean_Royer/Breves_Reflexions_Sur_Le_Temps	Jean Royer	
ABFU Review and Resignation	/en/article/Jean_Anet/Bilan_et_Demission_de_L_ABFU	Jean Anet	
Spiritual Love	/en/article/Jean_Anet/L_amour_Spirituel	Jean Anet	Love and the Golden Rule
Goodbye Bernhard	/en/article/Johan_Vanderalle/Au_Revoir_Bernhard	Johan Vanderalle	
Chales National Meeting	/en/article/Ivan_Stol/Reunion_Nationale_De_Chales	Ivan Stol	Urantia Movement Event
2016 General Assembly Report	/en/article/Max_Masotti_and_Tor_Eriksen/Rapport_de_l_Assemblee_Generale_2016	Max Masotti and Tor Eriksen	Urantia Movement Event
2016 Scientific Symposium in Chicago	/en/article/Le_Lien/Symposium_Scientifique_2016_a_Chicago	---	Urantia Movement Event, Science
Unicellular Organism The Cambrian Explosion — Nanomachines	/en/article/Ralph_Zehr/Organisme_Unicellulaire_L_explosion_Cambrienne_Nanomachines	Ralph Zehr	 Science, Biology
Le Lien Urantien — Issue 76 — Décembre 2016	/image/article/Le_Lien/covers/076.jpg	is-issue	--------------------------------------------------------
Le Lien Urantien — Issue 76 — Décembre 2016 — Contents	/en/article/Le_Lien/076	---	
Editorial	/en/article/Ivan_Stol/Editorial_05	Ivan Stol	
Budapest Conference Report	/en/article/Ivan_Stol/Compte_Rendu_Conference_De_Budapest	Ivan Stol	Urantia Movement Event
AFLLU 2015 Income Statement	/en/article/Jean_Duvau/Compte_de_resultat_AFLLU_2015	Jean Duvau	
Meeting in Italy Report	/en/article/Ivan_Stol/Compte_Rendu_Rencontre_en_Italie	Ivan Stol	Urantia Movement Event
Sub-Saharan Africa, Fertile Land for the Teachings of The Urantia Book	/en/article/Georges_Michelson_Dupont/L_afrique_Subsaharienne_les_enseignements_du_LU	Georges Michelson-Dupont	Africa, Dissemination
Meeting with Ade Awoyinka	/en/article/Georges_Michelson_Dupont/Rencontre_avec_Ade_Awoyinka	Georges Michelson-Dupont	Africa
Revealed Religion	/en/article/Ade_Awoyinka/La_Religion_Revelee	Ade Awoyinka	Religion
The Urantia Book in Cameroon	/en/article/Guy_Stephane_Nyasse/LU_au_Cameroun	Guy Stéphane Nyasse	Africa, Dissemination
The Urantia Book in Burkina Faso	/en/article/Arnaud_and_Jerome_Pingwende_Zoungrana/LU_au_Burkina_Faso	Arnaud and Jérôme Pingwende Zoungrana	Africa, Dissemination
Testimony from Ivory Coast	/en/article/Robert_Mondange/Temoignage_de_Cote_d_Ivoire	Robert Mondange	Africa, Dissemination
How to Live with an Open Mind	/en/article/Dominic_Ronfet/Comment_Vivre_Avec_l_Esprit_Ouvert	Dominic Ronfet	Mind
Implication of Free Will in the Cosmos	/en/article/Philip_Calabrese/Implication_of_Free_Will_in_the_Cosmos	Philip Calabrese	Free Will, Cosmology