Index of The Mighty Messenger articles	https://www.urantiabook.org/Research-Resources?filter=Mighty-M#arc-ArchiveHdr##arc-ArchiveHdr#	is-title	Mighty Messenger
Summer 1997 Issue	/image/article/The_Mighty_Messenger/covers/1997_Summer.jpg	is-issue	--------------------------------------------------------
Summer 1997 Issue	/en/article/The_Mighty_Messenger/The_Mighty_Messenger_1997_Summer		religion, The Urantia Book, Global Seeding, Angels and midwayers, LGBT, Fellowship
Fall 1997 Issue	/image/article/The_Mighty_Messenger/covers/1997_Fall.jpg	is-issue	--------------------------------------------------------
Fall 1997 Issue	/en/article/The_Mighty_Messenger/The_Mighty_Messenger_1997_Fall		religion, The Urantia Book, Global Seeding, LGBT, Fellowship
Winter 1997 Issue	/image/article/The_Mighty_Messenger/covers/1997_Winter.jpg	is-issue	--------------------------------------------------------
Winter 1997 Issue	/en/article/The_Mighty_Messenger/The_Mighty_Messenger_1997_Winter		religion, The Urantia Book, Global Seeding, LGBT, Fellowship
Spring 1998 Issue	/image/article/The_Mighty_Messenger/covers/1998_Spring.jpg	is-issue	--------------------------------------------------------
Spring 1998 Issue	/en/article/The_Mighty_Messenger/The_Mighty_Messenger_1998_Spring		religion, The Urantia Book, Global Seeding, Fellowship
Summer 1998 Issue	/image/article/The_Mighty_Messenger/covers/1998_Summer.jpg	is-issue	--------------------------------------------------------
Summer 1998 Issue	/en/article/The_Mighty_Messenger/The_Mighty_Messenger_1998_Summer		religion, The Urantia Book, Global Seeding, LGBT, Fellowship
Fall/Winter 1998 Issue	/image/article/The_Mighty_Messenger/covers/1998_Fall.jpg	is-issue	--------------------------------------------------------
Fall/Winter 1998 Issue	/en/article/The_Mighty_Messenger/The_Mighty_Messenger_1998_Fall		religion, The Urantia Book, Global Seeding, LGBT, Fellowship
Summer 1999 Issue	/image/article/The_Mighty_Messenger/covers/1999_Summer.jpg	is-issue	--------------------------------------------------------
Summer 1999 Issue	/en/article/The_Mighty_Messenger/The_Mighty_Messenger_1999_Summer		religion, The Urantia Book, Global Seeding, LGBT, Fellowship
Fall 1999 Issue	/image/article/The_Mighty_Messenger/covers/1999_Fall.jpg	is-issue	--------------------------------------------------------
Fall 1999 Issue	/en/article/The_Mighty_Messenger/The_Mighty_Messenger_1999_Fall		religion, The Urantia Book, Global Seeding, LGBT, Fellowship
Spring 2001 Issue	/image/article/The_Mighty_Messenger/covers/2001_Spring.jpg	is-issue	--------------------------------------------------------
Spring 2001 Issue	/en/article/The_Mighty_Messenger/The_Mighty_Messenger_2001_Spring		religion, The Urantia Book, Global Seeding, LGBT, Fellowship
Summer 2001 Issue	/image/article/The_Mighty_Messenger/covers/2001_Summer.jpg	is-issue	--------------------------------------------------------
Summer 2001 Issue	/en/article/The_Mighty_Messenger/The_Mighty_Messenger_2001_Summer		religion, The Urantia Book, Global Seeding, LGBT, Fellowship
Spring 2002 Issue	/image/article/The_Mighty_Messenger/covers/2002_Spring.jpg	is-issue	--------------------------------------------------------
Spring 2002 Issue	/en/article/The_Mighty_Messenger/The_Mighty_Messenger_2002_Spring		religion, The Urantia Book, Global Seeding, Fellowship
Spring 2003 Issue	/image/article/The_Mighty_Messenger/covers/2003_Spring.jpg	is-issue	--------------------------------------------------------
Spring 2003 Issue	/en/article/The_Mighty_Messenger/The_Mighty_Messenger_2003_Spring		religion, The Urantia Book, Global Seeding, Fellowship
Fall 2003 Issue	/image/article/The_Mighty_Messenger/covers/2003_Fall.jpg	is-issue	--------------------------------------------------------
Fall 2003 Issue	/en/article/The_Mighty_Messenger/The_Mighty_Messenger_2003_Fall		religion, The Urantia Book, Global Seeding, Fellowship
Spring 2004 Issue	/image/article/The_Mighty_Messenger/covers/2004_Spring.jpg	is-issue	--------------------------------------------------------
Spring 2004 Issue	/en/article/The_Mighty_Messenger/The_Mighty_Messenger_2004_Spring		religion, The Urantia Book, Global Seeding, Fellowship
Winter 2004 Issue	/image/article/The_Mighty_Messenger/covers/2004_Winter.jpg	is-issue	--------------------------------------------------------
Winter 2004 Issue	/en/article/The_Mighty_Messenger/The_Mighty_Messenger_2004_Winter		religion, The Urantia Book, Global Seeding, Fellowship
Spring 2005 Issue	/image/article/The_Mighty_Messenger/covers/2005_Spring.jpg	is-issue	--------------------------------------------------------
Spring 2005 Issue	/en/article/The_Mighty_Messenger/The_Mighty_Messenger_2005_Spring		religion, The Urantia Book, Global Seeding, Fellowship
Winter 2005 Issue	/image/article/The_Mighty_Messenger/covers/2005_Winter.jpg	is-issue	--------------------------------------------------------
Winter 2005 Issue	/en/article/The_Mighty_Messenger/The_Mighty_Messenger_2005_Winter		religion, The Urantia Book, Global Seeding, Fellowship
Spring 2006 Issue	/image/article/The_Mighty_Messenger/covers/2006_Spring.jpg	is-issue	--------------------------------------------------------
Spring 2006 Issue	/en/article/The_Mighty_Messenger/The_Mighty_Messenger_2006_Spring		religion, The Urantia Book, Global Seeding, Fellowship
Fall 2006 Issue	/image/article/The_Mighty_Messenger/covers/2006_Fall.jpg	is-issue	--------------------------------------------------------
Fall 2006 Issue	/en/article/The_Mighty_Messenger/The_Mighty_Messenger_2006_Fall		religion, The Urantia Book, Global Seeding, Fellowship
Spring 2007 Issue	/image/article/The_Mighty_Messenger/covers/2007_Spring.jpg	is-issue	--------------------------------------------------------
Spring 2007 Issue	/en/article/The_Mighty_Messenger/The_Mighty_Messenger_2007_Spring		religion, The Urantia Book, Global Seeding, Fellowship
Winter 2007 Issue	/image/article/The_Mighty_Messenger/covers/2007_Winter.jpg	is-issue	--------------------------------------------------------
Winter 2007 Issue	/en/article/The_Mighty_Messenger/The_Mighty_Messenger_2007_Winter		religion, The Urantia Book, Global Seeding, Fellowship
Spring 2008 Issue	/image/article/The_Mighty_Messenger/covers/2008_Spring.jpg	is-issue	--------------------------------------------------------
Spring 2008 Issue	/en/article/The_Mighty_Messenger/The_Mighty_Messenger_2008_Spring		religion, The Urantia Book, Global Seeding, Fellowship
Winter 2008 Issue	/image/article/The_Mighty_Messenger/covers/2008_Winter.jpg	is-issue	--------------------------------------------------------
Winter 2008 Issue	/en/article/The_Mighty_Messenger/The_Mighty_Messenger_2008_Winter		religion, The Urantia Book, Global Seeding, Fellowship
Winter 2009 Issue	/image/article/The_Mighty_Messenger/covers/2009_Winter.jpg	is-issue	--------------------------------------------------------
Winter 2009 Issue	/en/article/The_Mighty_Messenger/The_Mighty_Messenger_2009_Winter		religion, The Urantia Book, Global Seeding, Fellowship
Spring 2010 Issue	/image/article/The_Mighty_Messenger/covers/2010_Spring.jpg	is-issue	--------------------------------------------------------
Spring 2010 Issue	/en/article/The_Mighty_Messenger/The_Mighty_Messenger_2010_Spring		religion, The Urantia Book, Global Seeding, Fellowship
Winter 2010 Issue	/image/article/The_Mighty_Messenger/covers/2010_Winter.jpg	is-issue	--------------------------------------------------------
Winter 2010 Issue	/en/article/The_Mighty_Messenger/The_Mighty_Messenger_2010_Winter		religion, The Urantia Book, Global Seeding, Fellowship
Fall 2011 Issue	/image/article/The_Mighty_Messenger/covers/2011_Fall.jpg	is-issue	--------------------------------------------------------
Fall 2011 Issue	/en/article/The_Mighty_Messenger/The_Mighty_Messenger_2011_Fall		religion, The Urantia Book, Global Seeding, Fellowship
Spring 2012 Issue	/image/article/The_Mighty_Messenger/covers/2012_Spring.jpg	is-issue	--------------------------------------------------------
Spring 2012 Issue	/en/article/The_Mighty_Messenger/The_Mighty_Messenger_2012_Spring		religion, The Urantia Book, Global Seeding, Fellowship
Winter 2012 Issue	/image/article/The_Mighty_Messenger/covers/2012_Winter.jpg	is-issue	--------------------------------------------------------
Winter 2012 Issue	/en/article/The_Mighty_Messenger/The_Mighty_Messenger_2012_Winter		religion, The Urantia Book, Global Seeding, Fellowship
Spring 2013 Issue	/image/article/The_Mighty_Messenger/covers/2013_Spring.jpg	is-issue	--------------------------------------------------------
Spring 2013 Issue	/en/article/The_Mighty_Messenger/The_Mighty_Messenger_2013_Spring		religion, The Urantia Book, Global Seeding, Fellowship
Winter 2013 Issue	/image/article/The_Mighty_Messenger/covers/2013_Winter.jpg	is-issue	--------------------------------------------------------
Winter 2013 Issue	/en/article/The_Mighty_Messenger/The_Mighty_Messenger_2013_Winter		religion, The Urantia Book, Global Seeding, Fellowship
Spring 2014 Issue	/image/article/The_Mighty_Messenger/covers/2014_Spring.jpg	is-issue	--------------------------------------------------------
Spring 2014 Issue	/en/article/The_Mighty_Messenger/The_Mighty_Messenger_2014_Spring		religion, The Urantia Book, Global Seeding, Fellowship
Winter 2014 Issue	/image/article/The_Mighty_Messenger/covers/2014_Winter.jpg	is-issue	--------------------------------------------------------
Winter 2014 Issue	/en/article/The_Mighty_Messenger/The_Mighty_Messenger_2014_Winter		religion, The Urantia Book, Global Seeding, Fellowship
Spring 2015 Issue	/image/article/The_Mighty_Messenger/covers/2015_Spring.jpg	is-issue	--------------------------------------------------------
Spring 2015 Issue	/en/article/The_Mighty_Messenger/The_Mighty_Messenger_2015_Spring		religion, The Urantia Book, Global Seeding, Fellowship
Fall 2015 Issue	/image/article/The_Mighty_Messenger/covers/2015_Fall.jpg	is-issue	--------------------------------------------------------
Fall 2015 Issue	/en/article/The_Mighty_Messenger/The_Mighty_Messenger_2015_Fall		religion, The Urantia Book, Global Seeding, Fellowship
Spring 2016 Issue	/image/article/The_Mighty_Messenger/covers/2016_Spring.jpg	is-issue	--------------------------------------------------------
Spring 2016 Issue	/en/article/The_Mighty_Messenger/The_Mighty_Messenger_2016_Spring		religion, The Urantia Book, Global Seeding, Fellowship
Fall 2016 Issue	/image/article/The_Mighty_Messenger/covers/2016_Fall.jpg	is-issue	--------------------------------------------------------
Fall 2016 Issue	/en/article/The_Mighty_Messenger/The_Mighty_Messenger_2016_Fall		religion, The Urantia Book, Global Seeding, Fellowship
Spring 2017 Issue	/image/article/The_Mighty_Messenger/covers/2017_Spring.jpg	is-issue	--------------------------------------------------------
Spring 2017 Issue	/en/article/The_Mighty_Messenger/The_Mighty_Messenger_2017_Spring		religion, The Urantia Book, Global Seeding, Fellowship
Fall 2017 Issue	/image/article/The_Mighty_Messenger/covers/2017_Fall.jpg	is-issue	--------------------------------------------------------
Fall 2017 Issue	/en/article/The_Mighty_Messenger/The_Mighty_Messenger_2017_Fall		religion, The Urantia Book, Global Seeding, Fellowship
Summer 2018 Issue	/image/article/The_Mighty_Messenger/covers/2018_Summer.jpg	is-issue	--------------------------------------------------------
Summer 2018 Issue	/en/article/The_Mighty_Messenger/The_Mighty_Messenger_2018_Summer		religion, The Urantia Book, Global Seeding, Fellowship
Fall 2018 Issue	/image/article/The_Mighty_Messenger/covers/2018_Fall.jpg	is-issue	--------------------------------------------------------
The Parliament of the World's Religions	/en/article/Cristina_Seaborn/The_Parliament_of_Worlds_Religions	Cristina Seaborn	Interfaith
Parliament Booth Guidelines	/en/article/David_Linthicum/Parliament_Booth_Guidelines	David Linthicum	Interfaith
2018 Parliament Urantia Workshops	/en/article/2018_Parliament_Urantia_Workshops	---	Interfaith
What is Interfaith	/en/article/Geoff_Taylor/What_is_Interfaith	Geoff Taylor	Interfaith
Invitation to serve on the GC	/en/article/Paula_Thompson/Invitation_to_serve_on_the_GC	Paula Thompson	Fellowship
New General Councilors, Executive Committee	/en/article/Larry_Bowman/New_General_Councilors_Executive_Committee	Larry Bowman	Fellowship
Guadalajara International Book Fair 2018	/en/article/Agustin_Arellano/Guadalajara_International_Book_Fair_2018	Agustin Arellano	Urantia Movement Event
Spanish Urantia Book at Guadalajara International Book Fair	/en/article/Joy_Brandt/Spanish_Urantia_Book_at_Guadalajara_International_Book_Fair	Joy Brandt	Urantia Movement Event
A Glimpse of The Universe	/en/article/output/Robert_F_Bruyn/A_Glimpse_of_The_Universe	Robert F. Bruyn	Mind
Summer 2018 Interfaith Aventures North American Interfaith Network NAIN Conference	/en/article/output/Marvin_Gawryn/Summer_2018_Interfaith_Aventures	Marvin Gawryn	Interfaith
The Angel House Retreat	/en/article/Bobbie_Dreier/The_Angel_House_Retreat	Bobbie Dreier	Meditation
Divine Love Inspires Applied Faith	/en/article/Nadi_Burton/Divine_Love_Inspires_Applied_Faith	Nadi Burton	Divine love, Faith
A Hymn to Mother Spirit	/en/article/Derek_Samaras/A_Hymn_to_Mother_Spirit	Derek Samaras	Universe Mother Spirit
UB Fundraiser letter	/en/article/Dan_Amyx/UB_Fundraiser_letter	Dan Amyx	Fellowship, Global Seeding, Evangelism
The Fellowship's Inmate Correspondence Program ICP	/en/article/Michael_Hill/The_Fellowships_Inmate_Correspondence	Michael Hill	Fellowship
Spring 2019 Issue	/image/article/The_Mighty_Messenger/covers/2019_Spring.jpg	is-issue	--------------------------------------------------------
Summer Study Session 2019	/en/article/Summer_Study_Session_2019	---	Study Groups
Dancing with God Retreat 2019	/en/article/Dancing_with_God_Retreat_2019	---	Meditation
Youth and Young Adults in Boulder	/en/article/Youth_and_Young_Adults_in_Boulder	---	Urantia Movement Event
Lifting Together	/en/article/Lifting_Together	---	Urantia Movement Event
Publications Survey	/en/article/Publications_Survey	---	Fellowship
Machiventa Melchizedek	/en/article/Joshua_J_Wilson/Machiventa_Melchizedek	Joshua J. Wilson	Epochal Revelations
Our Experience at the Parliament of World’s Religions	/en/article/Pato_Banton_and_Antoinette_Hall/Our_Experience_at_the_Parliament_of_Worlds_Religions	Pato Banton and Antoinette Hall	Interfaith
The Urantia Diaries of Harold and Martha Sherman	/en/article/Saskia_Praamsa/The_Urantia_Diaries_of_Harold_and_Martha_Sherman	Saskia Praamsa	History of Urantia Movement
United Nations Day	/en/article/David_Glass/United_Nations_Day	David Glass	Planetary government
Our Pilgrimage to The Holy Land of Jesus	/en/article/Jacky_Koury_and_others/Our_Pilgrimage_to_The_Holy_Land_of_Jesus	Jacky Koury and others	Jesus' places
A Vision	/en/article/Tom_Choquette/A_Vision	Tom Choquette	Meditation
An Awareness	/en/article/Dave_Holt/An_Awareness	Dave Holt	Poetry
End page	/en/article/The_Mighty_Messenger/The_Mighty_Messenger_2019_Spring_Endpage	---	Urantia Movement Event
Fall 2019 Issue	/image/article/The_Mighty_Messenger/covers/2019_Fall.jpg	is-issue	--------------------------------------------------------
Cover	/en/article/The_Mighty_Messenger/The_Mighty_Messenger_2019_Fall_Cover	---	Fellowship
Letter from the President	/en/article/Geoff_Theiss/Letter_from_the_President	Geoff Theiss	Fellowship
Vice President Bobbie Dreier (interim)	/en/article/Bobbie_Dreier/Vice_President_Bobbie_Dreier_interim	Bobbie Dreier	Fellowship
2019 Summer Study Session Worship	/en/article/Bobbie_Dreier/2019_Summer_Study_Session_Worship	Bobbie Dreier	Urantia Movement Event
Secretary	/en/article/Stephen_Dreier/Secretary	Stephen Dreier	Fellowship
Treasurer	/en/article/Emilio_Coppola/Treasurer	Emilio Coppola	Fellowship
Secretary General	/en/article/Larry_Bowman/Secretary_General	Larry Bowman	Fellowship
UBF organizational chart	/en/article/UBF_organizational_chart	---	Fellowship
Pipeline of Light	/en/article/Pipeline_of_Light	---	Fellowship
Worldwide Service Team Chair	/en/article/Brent_St_Denis/Worldwide_Service_Team_Chair	Brent St. Denis	Fellowship
Interfaith Committee Chair	/en/article/Geoff_Taylor/Interfaith_Committee_Chair	Geoff Taylor	Interfaith, Fellowship
Wild Goose	/en/article/Ann_Biggs/Wild_Goose	Ann Biggs	Urantia Movement Event
Outreach Committee Chair	/en/article/Paula_Thompson/Outreach_Committee_Chair	Paula Thompson	Fellowship
Youth and Young Adult Committee Chair	/en/article/Sean_Privitera/Youth_and_Young_Adult_Committee_Chair	Sean Privitera	Fellowship
International Committee Chair	/en/article/André_Radatus/International_Committee_Chair	André Radatus	Fellowship
Fellowship Service Team Chair	/en/article/Lara_Amyx/Fellowship_Service_Team_Chair	Lara Amyx	Fellowship
Judicial Committee Chair	/en/article/Tom_Allen/Judicial_Committee_Chair	Tom Allen	Fellowship
Membership Committee Chair	/en/article/Dan_Amyx/Membership_Committee_Chair	Dan Amyx	Fellowship
Education Committee Chair	/en/article/David_Kulieke/Education_Committee_Chair	David Kulieke	Fellowship
Summer Study Session	/en/article/Summer_Study_Session_2019_Fall	---	Urantia Movement Event
Finance Committee Chair	/en/article/Lara_Amyx/Finance_Committee_Chair	Lara Amyx	Fellowship
Media and Communications Service Team Chair	/en/article/Michael_Challis/Media_and_Communications_Service_Team_Chair	Michael Challis	Fellowship
Publications Committee Chair	/en/article/Cristina_Seaborn/Publications_Committee_Chair	Cristina Seaborn	Fellowship
Spanish Website Committee	/en/article/Pablo_Segovia/Spanish_Website_Committee	Pablo Segovia	Fellowship
Web Content Committee	/en/article/Jena_Lassiter/Web_Content_Committee	Jena Lassiter	Fellowship
IT Committee	/en/article/Emilio_Coppola/IT_Committee	Emilio Coppola	Fellowship
Office Report	/en/article/Paula_Thompson_and_Derek_Samaras/Office_Report_2019	Paula Thompson and Derek Samaras	Fellowship
Is Time a Circus or a Flower?	/en/article/Stephen_Sawyer/Is_Time_a_Circus_or_a_Flower	Stephen Sawyer	Government and law
First Meeting of the Urantia Uganda August 2020 Planning Committee	/en/article/First_Meeting_of_the_Urantia_Uganda	---	Africa, Urantia Movement Event
Praise to the Mother All Loving	/en/article/Joshua_J_Wilson/Praise_to_the_Mother_All_Loving	Joshua J. Wilson	Poetry
End page	/en/article/The_Mighty_Messenger/The_Mighty_Messenger_2019_Fall_Endpage	---	Urantia Movement Event
Spring 2020 Issue	/image/article/The_Mighty_Messenger/covers/2020_Spring.jpg	is-issue	--------------------------------------------------------
Cover	/en/article/The_Mighty_Messenger/The_Mighty_Messenger_2020_Spring_Cover	---	Fellowship
Urantia Global Experience 2020	/en/article/Urantia_Global_Experience_2020	---	Urantia Movement Event
What is a “Urantia Experience” vs. “Urantia Conference?”	/en/article/What_Urantia_Experience_vs_Urantia_Conference	---	Urantia Movement Event
Announcing the Graduation Initiative	/en/article/Announcing_the_Graduation_Initiative	---	Fellowship
A Urantia in Second Life	/en/article/Yman_Juran/A_Urantia_in_Second_Life	Yman Juran	Self Development
Pipeline of Light	/en/article/Michelle_Klimesh/Pipeline_of_Light	Michelle Klimesh	Fellowship
Fellowship Field Worker Program	/en/article/Ted_Blaney/Fellowship_Field_Worker_Program	Ted Blaney	Fellowship
Mr. Frog	/en/article/Mary_Doubek/Mr_Frog	Mary Doubek	Art
Burning Man AI	/en/article/Chuck_Thurston/Burning_Man_AI	Chuck Thurston	Art
Mind and Artificial Intelligence	/en/article/Pierre_Chicoine/Mind_and_Artificial_Intelligence	Pierre Chicoine	Mind
New GC and EC Members	/en/article/Larry_Bowman/New_GC_and_EC_Members	Larry Bowman	Fellowship
Urantia Book Study Group Directory	/en/article/Urantia_Book_Study_Group_Directory	---	Fellowship
Commonality Among Faiths	/en/article/Stevie_Shaefer/Commonality_Among_Faiths	Stevie Shaefer	Fellowship, Bahai, Sufism
Emerging Communities	/en/article/David_Schlundt/Emerging_Communities	David Schlundt	Global Seeding
Graduation Memorial Page	/en/article/Graduation_Memorial_Page	---	Fellowship
UBF Website Tricks	/en/article/Jena_Lassiter/UBF_Website_Tricks	Jena Lassiter	Fellowship
Upcoming Publication Deadlines	/en/article/Upcoming_Publication_Deadlines	---	Fellowship
Why Place The Urantia Book Initially In America?	/en/article/Charles_Laurence_Olivea/Why_Place_The_Urantia_Book_Initially_In_America	Charles Laurence Olivea	The Urantia Book
Upcoming Events	/en/article/Upcoming_Events_2020_Spring	---	Urantia Movement Event
Family Chapel	/en/article/Cristina_Seaborn/Family_Chapel	Cristina Seaborn	Prayer
Fall 2020 Issue	/image/article/The_Mighty_Messenger/covers/2020_Fall.jpg	is-issue	--------------------------------------------------------
Cover	/en/article/The_Mighty_Messenger/The_Mighty_Messenger_2020_Fall_Cover	---	Fellowship
Letter from the Publications Chair	/en/article/Letter_from_the_Publications_Chair	---	Fellowship
Working with the Angels of Progress	/en/article/Chuck_Thurston/Working_with_the_Angels_of_Progress	Chuck Thurston	Angels and midwayers
The Angels of Progress	/en/article/Sharon_Porter/The_Angels_of_Progress	Sharon Porter	Angels and midwayers
Whole Life Books	/en/article/Sharon_Porter/Whole_Life_Books	Sharon Porter	Dissemination
Checkmate: The Progress Angels and the Religious Guardians in Play	/en/article/Joshua_J_Wilson/Checkmate_The_Progress_Angels	Joshua J. Wilson	Angels and midwayers
Fellowship Education Committee	/en/article/David_Kulieke/Fellowship_Education_Committee	David Kulieke	Fellowship
On the Subject of Love	/en/article/Jorgey_Krupa/On_the_Subject_of_Love	Jorgey Krupa	Love and the Golden Rule
Urantia Life Lessons	/en/article/Alice_Wood/Urantia_Life_Lessons	Alice Wood	Dissemination
Interview with Reverend Yi	/en/article/Jisoo_Han/Interview_with_Reverend_Yi	Jisoo Han	Dissemination, Korea
Definition of Prayer	/en/article/Ann_Biggs_and_Peter_Laurence/Definition_of_Prayer	Ann Biggs and Peter Laurence	Prayer
UNITY	/en/article/David_Glass/UNITY	David Glass	Poetry
Turkish translation of the Urantia Book	/en/article/Bill_Rocap/Turkish_translation_of_the_Urantia_Book	Bill Rocap	The Urantia Book
My Grandmother the Survivor	/en/article/Paula_Thompson/My_Grandmother_the_Survivor	Paula Thompson	Adversity
Pipeline of Light Report	/en/article/Michelle_Klimesh/Pipeline_of_Light_Report	Michelle Klimesh	Fellowship
Africa Outreach	/en/article/Barb_Maier/Africa_Outreach	Barb Maier	Africa, Dissemination
Spirit of Truth Podcasts	/en/article/Derek_Samaras/Spirit_of_Truth_Podcasts	Derek Samaras	Podcast, Video
Urantia Book Fellowship Donation	/en/article/Urantia_Book_Fellowship_Donation	---	Fellowship
CN20 Conference	/en/article/Joy_Brandt/CN20_Conference	Joy Brandt	Urantia Movement Event
Report on CN20 Conference and Urantia TV	/en/article/Agustin_Arellano/Report_on_CN20_Conference_and_Urantia_TV	Agustin Arellano	Urantia Movement Event
Travels with the Urantia Book	/en/article/Dolores_Nice/Travels_with_the_Urantia_Book	Dolores Nice	Dissemination
Organizational Guidance Committee Report	/en/article/Sue_Snider_Seccombe/Organizational_Guidance_Committee_Report	Sue Snider Seccombe	Fellowship
Publication Deadlines	/en/article/Publication_Deadlines	---	Fellowship
Graduation Memorial Page	/en/article/Cristina_Seaborn/Graduation_Memorial_Page	Cristina Seaborn	Fellowship
Urantia University Institute- Fall Courses	/en/article/Urantia_University_Institute_Fall_Courses	---	Fellowship
Spanish Outreach Committee Report	/en/article/Pablo_Segovia/Spanish_Outreach_Committee_Report	Pablo Segovia	Fellowship, Dissemination
An Invitation from TheChristExperiment	/en/article/Zshonette_Reed/An_Invitation_from_TheChristExperiment	Zshonette Reed	Dissemination
Spirit of Truth - Angie Thurston Interview	/en/article/Spirit_of_Truth_Angie_Thurston_Interview	---	Podcast
Planned Giving to The Urantia Book Fellowship	/en/article/Planned_Giving_to_The_Urantia_Book_Fellowship	---	Fellowship
End page	/en/article/The_Mighty_Messenger/The_Mighty_Messenger_2020_Fall_Endpage	---	Urantia Movement Event
Spring 2021 Issue	/image/article/The_Mighty_Messenger/covers/2021_Spring.jpg	is-issue	--------------------------------------------------------
The Melchizedek Mission: Salvaging Truth	/en/article/Richard_E_Warren/The_Melchizedek_Mission_Salvaging_Truth	Richard E. Warren
Planetary Government	/en/article/Peri_Best/Planetary_Government	Peri Best
Teachings of the Salem Missionaries	/en/article/Chuck_Thurston/Teachings_of_the_Salem_Missionaries	Chuck Thurston
Abraham's Salute	/en/article/Duane_Johnson/Abrahams_Salute	Duane Johnson
The Urantia Book is Not a Cult	/en/article/Pato_Banton/The_Urantia_Book_is_Not_a_Cult	Pato Banton
Machiventa Melchizedek	/en/article/Stuart_R_Kerr_III/Machiventa_Melchizedek	Stuart R. Kerr III
Virtual Summer Study Session	/en/article/David_Kulieke/Virtual_Summer_Study_Session	David Kulieke
Machiventa Melchizedek	/en/article/Joshua_J_Wilson/Machiventa_Melchizedek	Joshua J. Wilson
The Second Miler Program	/en/article/Jena_Lassiter_and_Brent_St_Denis/The_Second_Miler_Program	Jena Lassiter and Brent St. Denis
Impact of Second Miler Program	/en/article/Pablo_Segovia/Impact_of_Second_Miler_Program	Pablo Segovia
Upcoming Publications Themes and Deadlines 2021	/en/article/Upcoming_Publications_Themes_and_Deadlines_2021	
New General Councilors	/en/article/Cristina_Seaborn_and_Stephen_Sawyer/New_General_Councilors	Cristina Seaborn and Stephen Sawyer
Survived the Fiery Trial	/en/article/Gary_Tonge/Survived_the_Fiery_Trial	Gary Tonge
The Will of God	/en/article/Tom_Choquette/The_Will_of_God	Tom Choquette
Pipeline of Light Report	/en/article/Pipeline_of_Light_Report	
Inmate Correspondence Program	/en/article/Michael_Hill/Inmate_Correspondence_Program	Michael Hill
End page	/en/article/The_Mighty_Messenger/The_Mighty_Messenger_2021_Spring_Endpage	---	Urantia Movement Event
Summer 2022 Issue	/image/article/The_Mighty_Messenger/covers/2022_Summer.jpg	is-issue	--------------------------------------------------------
Introduction: Stepping Stones to Spiritual Growth	/en/article/Jena_Lassiter/Introduction_Stepping_Stones_to_Spiritual_Growth	Jena Lassiter
Stepping Into a New Sense of Reality	/en/article/Chuck_Thurston/Stepping_Into_a_New_Sense_of_Reality	Chuck Thurston
Why Pray?	/en/article/Kaye_and_William_Cooper/Why_Pray	Kaye and William Cooper
Rebecca - A Love Story	/en/article/Trudi_Cooper/Rebecca_A_Love_Story	Trudi Cooper
For You Who Want Something Different From Your Life	/en/article/Claire_and_Angie_Thurston/For_You_Who_Want_Something_Different_From_Your_Life	Claire and Angie Thurston
How Jesus Taught Each Person	/en/article/Bill_Cooper/How_Jesus_Taught_Each_Person	Bill Cooper
Our Journey from Selfish to Selfless	/en/article/Tom_Choquette/Our_Journey_from_Selfish_to_Selfless	Tom Choquette
Will My Atheist Mom Resurrect from the Dead?	/en/article/Will_My_Atheist_Mom_Resurrect_from_the_Dead	
Try a Little Faithfulness	/en/article/Claudia_Ayers/Try_a_Little_Faithfulness	Claudia Ayers
Beware! I am Contagious!	/en/article/Michael_Hagan_and_Monica_Kemp/Beware_I_am_Contagious	Michael Hagan and Monica Kemp
Twelve Ways I Hear from God	/en/article/Richard_Rosen/Twelve_Ways_I_Hear_from_God	Richard Rosen
The Impersonal Life	/en/article/Rabia_Harris/The_Impersonal_Life	Rabia Harris
"The Long Path " photo	/en/article/Chuck_Thurston/The_Long_Path_photo	Chuck Thurston
"This is Sacred Grounds" sculpture	/en/article/Michael_Benisty/This_is_Sacred_Grounds_sculpture	Michael Benisty
Special 2022 Issue	/image/article/The_Mighty_Messenger/covers/2022_Special.jpg	is-issue	--------------------------------------------------------
Cover	/en/article/The_Mighty_Messenger/The_Mighty_Messenger_2022_Special_Cover	---	Fellowship
Dedication	/en/article/Gard_Jameson/Dedication	Gard Jameson	The Urantia Book—Authorship, Source authors
Steve’s Revelation Gifts	/en/article/Bobbie_Dreier/Steves_Revelation_Gifts	Bobbie Dreier	The Urantia Book—Authorship, Source authors
Sources of Revelatory Insight: A Meditation on the “Human Sources”	/en/article/Gard_Jameson/Sources_of_Revelatory_Insight_A_Meditation_on_Human_Sources	Gard Jameson	The Urantia Book—Authorship, Source authors
Discourse on Reality	/en/article/Gard_Jameson/Discourse_on_Reality	Gard Jameson	The Urantia Book—Authorship, Source authors
True Values	/en/article/Gard_Jameson/True_Values	Gard Jameson	The Urantia Book—Authorship, Source authors
Good and Evil	/en/article/Gard_Jameson/Good_and_Evil	Gard Jameson	The Urantia Book—Authorship, Source authors
Truth and Faith	/en/article/Gard_Jameson/Truth_and_Faith	Gard Jameson	The Urantia Book—Authorship, Source authors
Auto-Revelation	/en/article/Gard_Jameson/Auto_Revelation	Gard Jameson	The Urantia Book—Authorship, Source authors
Gallery	/en/article/The_Mighty_Messenger/The_Mighty_Messenger_2022_Special_Gallery	---	The Urantia Book—Authorship, Source authors
Summary Data for 18 Selected Human Sources	/en/article/Summary_Data_for_18_Selected_Human_Sources	---	The Urantia Book—Authorship, Source authors
Summer 2023 Issue	/image/article/The_Mighty_Messenger/covers/2023_Spring.jpg	is-issue	--------------------------------------------------------
Translators	/en/article/The_Mighty_Messenger/Translators		
Once-Distant Lands	/en/article/Sue_Snider_Seccombe/Once_Distant_Lands	Sue Snider Seccombe
The Fellowship's International Presence	/en/article/André_Radatus_and_Bobbie_Dreier/The_Fellowships_International_Presence	André Radatus and Bobbie Dreier
Grand World Celebration of the Anniversary of the Birth of Jesus	/en/article/Mora_Franco/Grand_World_Celebration_Anniversary_Birth_Jesus	Mora Franco
Book Fair in La Paz, Bolivia	/en/article/Mora_Franco/Book_Fair_in_La_Paz_Bolivia	Mora Franco
Pasko (Christmas)	/en/article/Eugene_Asidao/Pasko_Christmas	Eugene Asidao
The First Urantia Book Conference in Uganda: A Personal Account	/en/article/Aprilhelen/The_First_Urantia_Book_Conference_in_Uganda	Aprilhelen
2022 Annual Pipeline of Light Report	/en/article/Geoff_Theiss/2022_Annual_Pipeline_of_Light_Report	Geoff Theiss
Urantia Poets to Publish Book	/en/article/Duane_Johnson/Urantia_Poets_to_Publish_Book	Duane Johnson
The Future of the Urantia Movement—Young People in Sight!	/en/article/Mora_Franco/The_Future_of_the_Urantia_Movement	Mora Franco
Artwork	/en/article/Stephen_Sawyer/Artwork	Stephen Sawyer
Sea of Galilee photo	/en/article/Chuck_Thurston/Sea_of_Galilee_photo	Chuck Thurston
Balanced Rock	/en/article/Chuck_Thurston/Balanced_Rock	Chuck Thurston
View from Above	/en/article/Chuck_Thurston/View_from_Above	Chuck Thurston
View from the Nazareth Hill	/en/article/Chuck_Thurston/View_from_the_Nazareth_Hill	Chuck Thurston
Chilean Book Fair 2022	/en/article/Pablo_Segovia/Chilean_Book_Fair_2022	Pablo Segovia
Thirty-Fifth Conference in Mazatlán, Mexico	/en/article/Barb_Maier_and_Sally_Annabella/Thirty_Fifth_Conference_Mazatlán_Mexico	Barb Maier and Sally Annabella
Spirit-Led Teamwork: The Pearl of the Universes	/en/article/Aprilhelen/Spirit_Led_Teamwork	Aprilhelen
A Spiritually Enriching Summer Vacation for the Whole Family (IC23)	/en/article/Aprilhelen/A_Spiritually_Enriching_Summer	Aprilhelen
Memories of International Conferences	/en/article/Bobbie_Dreier/Memories_of_International_Conferences	Bobbie Dreier
Latin America Sub Committee Book Fairs and Events 2023	/en/article/The_Mighty_Messenger/Latin_America_Sub_Committee_Book_Fairs_Events_2023	
Urantia Book Fellowship International Conference 2023 (IC23)	/en/article/The_Mighty_Messenger/Urantia_Book_Fellowship_International_Conference_2023	
A Better World	/en/article/David_Glass/A_Better_World	David Glass
Living the Teachings: Heart, Mind, Soul Registration	/en/article/The_Mighty_Messenger/Living_the_Teachings	
Photo of Mural "Tonantzin Renace"	/en/article/Chuck_Thurston/Photo_of_Mural_Tonantzin_Renace	Chuck Thurston